"Education","Marital_Status","Income","Kidhome","Recency","NumDealsPurchases","NumWebPurchases","NumCatalogPurchases","NumStorePurchases","NumWebVisitsMonth","Complain","Response","Age","NumberofDayEnrolled","TotalSpent","Accepted"
3,5,58138,1,59,4,9,11,5,8,1,2,40,627,908,1
3,5,46344,3,39,3,2,2,3,6,1,1,43,108,22,1
3,6,71613,1,27,2,9,3,11,5,1,1,32,294,504,1
3,6,26646,2,27,3,3,1,5,7,1,1,13,132,48,1
5,4,58293,2,95,6,6,4,7,6,1,1,16,153,321,1
4,6,62513,2,17,3,7,5,11,7,1,1,30,277,472,1
3,3,55635,2,35,5,8,4,8,7,1,1,26,561,411,1
5,4,33454,2,33,3,5,1,5,9,1,1,12,395,151,1
5,6,30351,2,20,2,4,1,3,10,1,2,23,367,41,1
5,6,5648,3,69,2,2,1,1,16,1,1,47,103,44,2
3,4,51381.5,2,12,2,2,1,3,8,1,1,14,214,14,1
2,4,7500,1,60,2,3,1,4,9,1,1,21,561,56,1
3,3,63033,1,83,2,4,5,9,3,1,1,38,214,682,1
4,3,59354,3,54,4,7,2,6,7,1,1,45,214,251,1
3,4,17323,1,39,2,2,1,4,9,1,1,10,595,41,1
5,5,82800,1,24,2,8,7,13,4,1,2,51,551,790,3
3,4,41850,3,52,4,4,1,4,9,1,1,17,522,91,1
3,6,37760,1,21,3,5,2,7,8,1,1,51,631,257,1
4,4,76995,2,92,3,12,5,10,6,1,1,48,434,963,2
1,5,33812,2,87,3,3,2,4,7,1,1,12,571,122,1
3,4,37040,1,42,2,5,3,6,9,1,1,15,654,256,1
3,4,2447,2,43,15,1,14,1,2,1,1,18,509,948,1
5,4,58607,2,64,4,3,4,10,9,1,1,48,523,607,2
5,4,65324,2,1,4,7,3,10,5,1,1,43,160,389,1
3,6,40689,2,70,8,8,2,6,9,1,1,46,444,336,1
3,5,18589,1,90,3,3,2,4,8,1,1,28,513,70,1
3,4,53359,3,5,5,6,2,5,8,1,1,21,376,212,1
3,5,51381.5,2,20,1,15,1,1,2,1,1,11,468,436,1
3,4,38360,2,27,3,3,2,5,4,1,1,8,372,120,1
5,4,84618,1,97,2,7,10,11,3,1,1,32,208,925,2
4,3,10979,1,35,3,4,1,4,6,1,1,8,38,25,1
4,6,38620,1,57,2,3,6,4,4,1,1,34,392,258,1
3,6,40548,2,32,3,3,2,5,6,1,1,27,595,109,2
5,3,46610,3,9,7,5,2,7,7,1,2,45,576,246,1
4,4,68657,1,5,2,4,6,10,8,1,1,51,468,740,1
4,5,49389,3,56,2,3,1,4,8,1,1,46,286,60,1
5,4,67353,2,38,6,6,7,13,3,1,1,27,170,575,1
1,4,23718,2,77,4,4,2,3,8,1,1,21,282,76,1
3,7,42429,2,100,3,2,2,4,6,1,1,24,131,62,1
5,3,48948,1,54,3,8,11,6,7,1,2,54,486,567,2
3,4,80011,2,4,3,9,7,6,5,1,1,17,404,825,1
4,4,20559,2,89,3,3,1,4,9,1,1,12,449,48,1
3,6,21994,2,5,2,1,1,4,6,1,1,40,522,17,1
5,5,51381.5,1,81,2,2,4,5,3,1,1,38,223,166,1
4,4,7500,2,20,4,3,1,4,6,1,1,22,255,26,1
3,5,79941,1,73,2,3,5,10,2,1,1,21,2,614,1
1,4,7500,1,25,4,4,2,4,10,1,2,1,565,111,1
3,6,41728,2,93,2,3,1,3,11,1,1,29,379,50,1
3,5,51381.5,4,97,4,3,2,5,7,1,1,46,169,113,1
5,4,72550,3,40,10,6,3,13,9,1,1,43,566,792,1
3,7,65486,2,30,2,5,3,11,3,1,1,40,45,373,1
4,4,79143,1,3,2,7,10,14,4,1,1,33,651,938,1
3,5,35790,2,55,3,3,1,4,8,1,1,20,513,67,1
3,3,82582,1,55,2,5,10,8,2,1,2,20,23,908,3
3,4,66373,3,58,8,5,3,11,4,1,1,19,362,421,1
4,6,82384,1,56,2,4,11,14,2,1,2,42,556,1006,2
3,3,70287,1,31,2,6,6,11,4,1,2,31,429,677,1
3,5,27938,2,32,2,2,1,5,4,1,1,9,59,24,1
3,5,51381.5,2,58,3,3,1,4,7,1,1,15,358,41,1
5,4,55954,2,64,4,9,3,7,8,1,1,29,113,375,1
4,5,75777,1,13,2,4,7,12,2,1,2,15,341,838,3
3,6,66653,3,19,5,5,3,13,4,1,1,22,624,425,1
3,5,61823,2,27,5,9,3,11,8,1,1,45,470,557,1
5,7,67680,2,9,2,8,4,9,6,1,1,46,363,421,1
3,6,70666,1,30,2,8,5,5,5,1,1,49,195,665,1
3,4,25721,2,76,2,2,2,3,8,1,2,26,382,29,1
3,6,32474,3,1,2,2,1,3,8,1,1,30,46,6,1
1,5,88194,2,20,2,12,11,11,6,1,2,18,99,773,3
3,6,69096,2,5,2,6,3,11,5,1,1,39,259,441,1
3,6,74854,4,91,8,3,6,6,6,1,1,27,424,884,1
4,4,66991,1,2,4,5,9,7,4,1,1,43,620,765,1
1,4,51381.5,2,26,4,4,1,4,9,1,1,24,618,102,1
3,4,65031,2,30,5,11,4,14,8,1,1,38,445,548,1
5,4,60631,3,89,6,10,3,9,8,1,1,22,427,446,2
3,4,28332,1,59,2,3,2,5,3,1,1,45,57,60,1
3,3,40246,2,69,2,2,1,3,7,1,1,20,527,8,1
4,4,75251,1,35,2,8,7,6,6,1,2,25,635,987,1
3,5,75825,1,41,1,6,9,10,5,1,2,21,593,1039,2
1,6,26326,1,13,2,1,1,4,4,2,1,21,281,13,1
3,6,56046,1,10,3,11,2,9,9,1,2,32,513,462,2
3,5,29760,2,88,5,4,2,5,9,1,1,12,633,149,1
3,4,26304,2,6,2,2,1,3,8,1,1,28,352,11,1
1,4,23559,2,88,4,4,1,4,8,1,1,24,342,74,1
4,6,38620,1,57,2,3,6,4,4,1,1,34,392,258,1
3,3,81361,1,19,2,4,11,14,2,1,1,10,119,506,1
3,4,29440,3,96,3,2,1,5,8,1,1,37,304,51,1
4,4,36138,3,49,6,4,2,5,8,1,1,27,330,137,2
3,5,50388,2,4,5,7,2,7,8,1,2,40,32,290,3
3,4,79593,1,71,2,6,7,8,3,1,1,24,45,807,2
3,6,54178,2,80,2,3,3,6,3,1,1,30,152,173,1
5,4,51381.5,4,5,13,8,3,9,10,1,1,40,556,419,1
3,5,51381.5,3,46,2,2,1,3,8,1,1,40,33,13,1
4,6,51381.5,1,88,2,3,5,9,2,1,1,24,207,615,1
4,5,42394,2,70,2,2,1,4,8,1,1,25,95,27,1
5,4,23626,2,85,4,4,2,4,6,1,1,27,36,38,1
3,4,30096,2,31,2,3,1,4,7,1,1,14,38,40,1
3,7,47916,2,73,6,8,5,7,7,1,1,37,553,421,2
3,3,51813,3,38,3,3,1,4,8,1,1,25,421,58,1
1,4,78497,1,45,2,6,8,13,3,1,1,46,200,611,2
5,4,50150,1,33,3,6,3,8,6,1,1,14,355,312,1
1,5,47823,2,1,3,3,1,4,9,1,1,37,323,67,1
5,5,34554,2,44,3,3,1,4,7,1,1,38,88,50,1
3,6,85693,2,60,3,10,6,12,6,1,1,18,412,722,1
5,4,65846,1,69,2,7,4,7,5,1,1,52,386,692,1
3,4,87195,1,36,2,4,12,6,2,1,2,38,49,679,1
2,6,24594,2,95,2,2,1,4,6,1,1,18,191,24,1
3,4,49096,3,16,5,5,2,5,8,1,1,33,262,167,1
3,4,52413,3,57,5,7,5,13,7,1,1,28,485,574,1
3,5,38557,2,18,3,4,2,4,8,1,1,19,527,132,1
4,4,89058,1,19,2,6,5,5,3,1,1,37,538,542,1
3,6,77298,2,47,2,7,7,12,4,1,1,18,226,605,1
5,5,68126,1,41,2,8,5,6,10,1,2,6,564,974,2
4,6,57288,2,28,4,9,2,9,7,1,1,34,5,422,2
3,5,86037,1,96,2,7,8,12,4,1,2,6,513,480,3
5,4,43974,2,20,6,7,5,7,8,1,1,17,533,392,1
3,5,50785,3,28,3,3,2,4,7,1,1,35,276,104,1
3,4,90765,1,26,1,5,7,6,2,1,1,27,149,946,3
1,4,36550,2,75,6,10,2,6,10,1,1,19,469,406,1
1,6,30753,3,86,3,2,2,4,6,1,1,30,335,76,1
3,6,21918,2,38,3,3,1,4,7,1,1,28,215,28,1
4,6,56129,2,66,5,7,3,11,5,1,1,44,355,445,1
4,5,32557,2,14,4,3,2,4,6,1,2,30,120,75,1
4,4,19510,3,64,3,2,1,4,8,1,1,12,281,25,1
3,3,30992,2,84,2,2,1,4,8,1,1,21,410,38,1
3,5,101970,1,70,1,7,9,14,3,1,2,14,449,701,4
1,6,71488,1,88,3,4,5,8,2,1,1,32,470,395,1
3,5,79607,1,38,2,4,7,7,2,1,2,13,411,998,1
4,4,54348,3,52,3,3,1,5,7,1,1,44,22,85,1
5,4,51381.5,2,24,4,7,2,8,7,1,1,36,335,307,1
5,6,77376,3,73,5,7,4,11,5,1,1,41,47,446,1
3,4,62998,2,11,6,6,5,6,6,1,1,45,257,348,1
4,2,61331,3,43,6,12,2,7,9,1,1,39,451,431,1
3,4,73448,1,11,2,8,3,10,5,1,1,28,132,475,1
3,4,51381.5,2,97,2,7,6,8,5,1,1,34,304,475,1
5,4,41551,3,52,6,6,2,6,9,1,1,33,301,231,1
5,6,62981,1,22,2,5,6,14,4,1,1,30,445,856,2
2,3,9548,2,32,3,2,1,4,9,1,1,21,654,24,1
5,4,33762,4,62,4,3,3,3,9,1,1,38,338,99,1
5,2,35860,3,38,3,2,2,3,6,1,2,24,39,44,2
5,3,36921,3,75,3,3,1,4,8,1,1,32,318,33,1
4,5,92859,1,47,2,6,5,13,3,1,1,5,586,1024,1
4,6,65104,2,5,3,4,6,8,8,1,2,21,215,654,1
3,4,86111,1,74,2,6,8,11,3,1,1,35,413,821,1
5,5,68352,2,48,4,9,6,10,7,1,1,23,287,551,1
3,6,41883,2,14,4,5,3,4,8,1,1,9,443,253,1
3,4,59809,3,37,4,4,4,7,9,1,1,21,587,554,1
3,4,23957,2,48,2,3,1,4,7,1,2,22,577,63,1
3,6,38547,2,50,2,2,1,3,9,2,1,16,287,17,1
1,4,35688,4,95,8,5,2,5,9,1,1,24,640,183,1
4,4,49605,1,66,2,3,2,5,4,1,1,31,9,116,1
4,4,59354,3,60,2,5,5,8,4,1,1,44,63,345,1
3,4,65747,2,97,5,9,2,7,7,1,1,28,109,346,2
1,6,46344,2,29,5,8,2,6,8,1,1,25,532,326,1
3,2,34176,2,13,5,4,1,5,7,1,1,9,45,84,1
5,6,61010,2,58,3,9,6,12,6,1,1,45,596,635,1
3,6,69372,1,11,2,11,5,7,5,1,2,48,469,818,3
3,5,49967,2,5,4,7,2,6,8,1,1,39,337,249,1
3,5,60199,4,50,2,1,1,4,5,1,1,19,274,13,1
3,6,55375,2,4,2,2,2,7,3,1,1,20,241,147,1
3,5,80317,1,65,2,4,5,11,2,1,1,42,295,755,1
4,5,30523,4,1,2,2,1,3,8,1,1,39,344,8,1
5,4,70356,1,21,3,11,7,10,7,1,1,52,569,942,1
3,4,23228,2,92,5,4,1,5,9,1,1,13,165,110,1
5,3,74165,1,10,2,6,5,11,3,1,1,22,402,783,1
5,4,157243,2,99,15,1,13,1,1,1,1,24,115,903,1
3,6,43482,4,84,4,3,1,5,7,1,1,31,216,83,1
3,3,62551,1,28,2,7,8,5,4,1,1,44,212,320,2
3,3,52332,1,64,2,4,3,7,5,1,1,38,287,214,2
3,5,66951,1,47,2,4,5,8,2,1,1,9,226,691,1
3,6,26091,3,85,4,3,2,4,6,1,1,40,119,84,1
3,6,33456,3,59,3,2,1,4,8,1,1,32,66,31,1
3,4,28718,2,79,3,3,1,4,9,1,1,15,333,52,1
3,4,50447,3,5,2,4,2,4,7,1,1,27,66,135,1
5,6,53537,3,18,3,3,2,4,6,1,1,38,143,88,1
3,5,52074,2,78,2,3,3,3,5,1,1,30,83,108,2
5,4,80427,2,57,2,12,9,9,6,1,1,22,619,981,1
5,4,83837,1,80,2,10,11,6,5,1,2,49,530,791,3
5,4,38853,3,91,3,3,1,4,8,1,1,27,37,40,1
3,6,38285,4,97,2,1,1,4,3,1,1,38,6,5,1
1,4,78497,1,45,2,6,8,13,3,1,1,46,200,611,2
5,4,51650,2,82,2,5,2,5,6,1,1,21,46,170,1
1,4,16248,2,78,4,3,2,4,7,1,1,9,47,52,1
4,4,66835,1,22,2,7,5,14,3,1,1,51,258,641,1
4,4,30477,2,17,2,2,2,4,7,1,1,13,151,61,1
2,4,28249,1,81,2,3,1,4,7,1,1,36,15,38,1
3,4,25271,2,46,2,2,2,3,10,1,1,14,540,45,1
5,5,32303,2,64,3,2,1,5,6,1,1,27,108,34,1
3,4,61286,2,35,3,8,2,9,6,1,1,31,313,422,1
3,4,74068,1,15,2,5,11,10,3,1,1,21,443,894,1
5,4,45759,3,14,3,3,1,4,8,1,1,33,465,63,1
2,6,24882,2,53,2,2,2,3,7,1,1,19,622,75,2
5,6,66973,1,99,2,9,8,13,4,1,1,8,386,777,1
3,4,38872,2,94,3,4,1,4,9,1,1,9,373,86,1
3,4,51148,3,39,5,6,2,7,7,1,1,24,470,255,1
3,4,31353,3,25,3,2,2,3,9,1,1,20,172,26,1
4,4,69661,1,81,2,8,4,13,4,1,1,17,44,533,1
3,4,80067,1,83,2,5,7,7,3,1,1,43,267,901,2
3,4,86718,1,21,2,6,7,6,3,1,1,43,498,771,1
5,5,46854,3,82,7,6,2,4,9,1,2,24,87,216,2
3,3,69142,2,51,4,9,2,8,6,1,1,45,1,386,2
3,5,75922,1,61,2,5,5,10,2,1,1,29,192,784,1
3,3,63693,2,64,4,12,7,10,7,1,1,19,244,710,1
5,6,102160,1,55,1,8,10,11,5,1,2,20,572,759,4
5,5,40637,3,73,3,2,1,4,8,1,1,32,329,33,1
4,5,18890,1,6,2,1,2,3,7,1,2,13,564,30,2
3,6,29604,2,89,2,2,1,4,10,1,1,9,193,48,2
4,3,48721,3,51,7,5,3,6,7,1,1,34,390,239,1
3,4,44794,2,100,2,3,1,4,7,1,1,31,22,60,1
3,3,64497,2,18,6,12,5,10,9,1,2,43,621,969,2
3,6,46097,2,12,6,4,2,7,5,1,1,41,431,203,1
3,6,77972,1,19,2,5,7,10,2,1,1,43,100,681,1
5,4,44377,3,71,9,6,2,6,9,1,1,29,599,217,1
4,6,46014,3,22,11,8,2,9,8,1,1,23,495,387,1
3,4,70951,1,67,2,4,5,10,2,1,1,12,399,741,1
3,4,41443,2,80,7,9,2,6,9,1,1,20,86,355,1
1,5,52195,4,3,2,2,1,3,9,1,1,19,45,12,1
4,4,83790,1,82,2,9,11,7,4,1,1,49,214,906,3
4,7,44551,2,25,3,5,2,6,8,1,1,43,284,235,1
3,6,69508,2,49,3,12,5,12,7,1,1,17,560,701,1
1,6,45204,2,94,2,2,2,5,4,1,1,9,76,104,1
3,4,72460,1,57,2,4,6,8,2,1,1,28,215,650,1
5,6,77622,3,4,3,7,4,12,4,1,1,27,73,470,1
5,4,30732,2,45,5,5,2,5,9,1,1,17,510,165,1
3,3,63887,2,39,6,10,7,13,7,1,1,35,623,763,1
3,6,42011,2,47,5,4,2,5,9,1,1,19,436,169,1
3,6,51369,2,85,3,9,3,5,9,1,1,21,580,405,1
3,3,51537,2,28,4,3,3,12,9,1,1,45,536,683,1
5,4,79930,1,73,2,4,6,9,3,1,1,25,654,955,1
5,6,34320,2,67,2,2,1,3,9,1,1,11,126,12,1
3,5,37070,3,31,10,6,2,9,8,1,2,31,442,328,1
1,3,81975,2,3,2,7,4,5,8,1,1,35,510,897,2
3,6,38590,2,66,2,2,1,3,9,1,1,26,388,17,1
3,5,15033,1,38,2,2,1,4,4,1,1,46,71,14,1
5,4,62745,2,90,4,8,9,12,6,1,1,32,439,691,1
1,4,22212,2,50,3,3,1,5,7,1,1,22,192,64,1
4,6,23661,2,47,2,2,1,4,8,1,1,15,197,18,1
5,5,79761,2,33,2,6,3,12,4,1,1,39,253,420,1
3,5,7500,2,55,5,4,2,4,8,1,1,24,175,52,1
3,7,73455,1,99,2,7,6,11,4,1,1,29,230,1027,2
3,6,64961,2,98,3,7,5,5,4,1,1,39,523,629,1
3,5,22804,2,76,2,3,1,3,10,1,1,26,315,21,1
3,4,73687,1,9,2,4,10,10,3,1,2,7,203,911,2
3,4,61074,2,38,8,12,6,9,8,1,1,39,645,682,1
5,4,31686,3,32,3,2,1,4,7,1,1,33,25,12,1
3,4,80134,2,41,3,6,4,7,7,1,2,25,383,936,4
3,4,75027,2,75,3,10,5,7,6,1,1,44,506,823,1
5,4,67546,1,91,2,5,11,6,4,1,1,9,631,1034,1
4,6,65176,2,58,5,10,7,7,7,1,1,28,576,877,1
4,5,31160,2,60,3,3,1,4,9,1,1,22,270,59,1
3,5,29938,2,53,3,2,1,4,7,1,1,12,231,21,1
3,3,102692,1,6,2,7,10,14,3,1,2,23,427,688,5
1,6,26490,1,93,3,4,2,6,7,1,1,39,611,182,1
3,6,75702,3,78,6,5,7,12,9,1,1,30,633,708,1
5,5,30899,2,36,3,2,1,4,7,1,1,23,592,28,1
5,6,63342,2,49,4,9,4,6,7,1,1,36,589,681,2
3,5,45989,2,98,5,4,3,8,4,1,1,33,583,261,1
3,5,18701,3,96,5,3,1,5,6,1,1,33,368,39,1
5,5,40737,4,25,2,2,1,3,9,1,1,40,193,12,1
3,3,15287,2,61,3,2,2,3,8,1,2,18,595,26,2
5,3,69674,3,47,4,11,3,11,6,1,1,29,381,540,1
4,4,44159,2,86,5,5,2,7,6,1,1,27,13,228,1
5,4,37717,2,32,2,2,1,3,10,1,1,19,552,20,1
4,6,43776,3,10,7,6,3,5,9,1,2,45,484,228,1
4,4,38179,3,31,5,4,2,4,8,1,1,31,448,85,1
3,4,80124,1,48,2,4,8,9,2,1,1,34,4,861,2
5,4,38097,3,71,5,4,3,3,8,1,2,27,590,164,2
3,4,72940,1,14,2,4,4,7,2,1,1,27,356,612,1
3,6,22070,2,12,3,3,3,3,7,1,1,27,253,62,1
3,5,69267,1,32,3,4,5,6,8,1,2,44,611,914,1
4,5,31788,2,16,4,4,1,5,6,2,1,14,98,55,1
5,6,61905,2,3,3,5,3,5,6,1,1,22,138,196,1
3,4,29315,3,56,5,3,1,5,7,1,1,37,81,43,1
3,3,33378,3,39,4,3,1,5,8,1,1,34,482,94,1
5,6,66313,2,87,3,7,4,13,5,1,1,34,270,501,1
3,5,60714,1,57,3,8,5,11,6,1,2,41,498,596,1
4,6,77882,1,30,2,4,4,6,2,1,1,16,57,526,1
5,5,69867,1,31,2,4,6,9,2,1,2,11,429,580,2
4,3,63841,2,65,2,10,4,10,7,1,1,29,411,572,1
2,4,24480,2,47,4,4,1,5,8,1,1,16,477,97,1
3,6,51369,2,85,3,9,3,5,9,1,1,21,580,405,1
3,6,37760,1,21,3,5,2,7,8,1,1,51,631,257,1
5,6,65640,2,75,2,6,2,9,3,1,1,23,115,347,1
4,4,44319,3,19,3,3,1,4,6,1,1,22,70,32,1
3,4,30631,2,76,2,4,2,3,8,1,1,23,334,65,1
3,6,75278,1,18,2,7,4,14,4,1,1,45,488,584,1
4,6,50898,3,89,14,7,3,13,6,1,1,41,507,545,1
3,7,79946,1,20,2,6,12,6,4,1,1,31,45,854,1
4,3,35416,1,63,4,8,2,6,9,1,1,48,361,298,1
1,6,32414,1,12,2,2,1,4,8,1,1,13,341,47,2
3,6,38361,2,75,4,4,2,4,8,1,1,28,174,125,1
3,4,82497,1,33,2,3,8,10,5,1,1,17,574,996,2
3,6,16626,3,77,4,4,1,4,10,1,1,26,156,63,1
3,6,29672,3,7,2,1,1,4,7,1,1,32,449,20,1
4,6,55951,2,63,4,4,7,12,9,1,1,45,639,811,3
1,3,35388,2,21,2,2,1,4,8,1,1,9,454,27,1
4,6,42386,2,44,2,4,1,4,9,1,1,11,502,95,1
3,5,68627,1,46,2,3,4,7,2,1,1,15,503,530,1
5,3,57912,2,35,6,9,4,13,6,1,1,32,101,578,2
3,3,35246,3,54,5,4,2,4,6,1,1,39,71,57,1
1,6,58821,2,45,2,10,3,10,7,1,1,41,246,478,1
5,4,46377,2,90,2,3,2,4,5,1,1,19,115,85,1
3,5,39747,2,44,4,6,2,5,9,1,1,9,74,226,1
3,6,23976,2,69,4,4,2,4,8,1,1,13,174,61,1
4,4,80950,1,45,2,7,8,10,3,1,1,36,434,746,2
3,7,27038,1,65,2,4,1,4,10,1,2,31,615,100,1
3,5,77457,1,86,2,3,6,11,2,1,1,50,111,715,2
4,4,64100,2,94,2,9,4,7,8,1,1,33,276,391,2
4,6,42670,1,13,2,5,3,5,5,1,1,5,406,203,1
3,3,12571,2,87,5,4,2,4,7,1,1,21,154,48,1
3,4,22574,4,29,3,3,1,4,8,1,1,30,230,32,1
3,4,51381.5,1,70,2,7,6,13,4,1,1,8,369,904,3
4,5,70893,1,43,2,7,7,11,4,1,1,21,482,867,1
3,4,54198,3,14,7,4,2,7,5,1,1,31,184,199,1
4,6,28839,3,87,3,3,1,4,6,1,1,41,105,27,1
3,4,40321,3,60,3,4,1,4,8,1,1,25,317,97,1
3,5,66503,2,31,3,5,4,7,4,1,1,12,648,306,1
3,4,30833,3,34,3,2,1,4,6,1,1,46,330,23,1
3,5,51381.5,4,68,7,3,4,11,8,1,1,27,292,653,3
3,4,64795,2,24,4,4,4,13,3,1,1,26,498,453,1
3,4,34421,2,82,2,2,1,3,8,1,1,23,344,25,1
5,3,47025,3,7,2,2,1,3,8,1,1,32,133,15,1
5,3,64325,2,42,6,11,4,6,8,1,1,36,481,787,1
3,5,40464,2,79,7,9,3,9,9,1,1,44,504,430,1
3,4,62187,1,50,2,5,9,6,4,1,1,40,340,778,1
5,3,14849,2,40,4,3,1,5,9,1,1,21,343,60,1
3,4,27255,2,4,2,2,1,4,8,1,1,13,221,32,1
5,4,54432,4,38,2,2,1,4,5,1,1,47,394,33,1
5,5,29999,2,23,5,4,2,5,9,1,1,11,475,145,1
3,5,24072,2,80,2,2,1,3,9,1,1,14,416,18,1
5,5,33996,1,47,2,2,2,4,5,1,1,8,275,66,1
5,4,66334,2,83,3,10,4,6,6,1,2,41,428,718,1
4,4,35178,2,11,2,2,2,3,8,1,2,26,505,54,2
3,6,22010,2,52,3,3,1,4,9,1,1,14,345,28,1
3,3,62204,3,39,2,5,6,13,4,1,1,37,619,593,1
3,3,75693,1,11,2,12,5,7,5,1,2,29,539,840,4
3,4,30675,2,15,2,2,1,4,9,1,1,25,562,57,1
3,6,83003,1,19,2,8,7,9,4,1,2,32,458,926,2
3,5,68655,1,96,2,5,6,12,4,1,1,9,652,880,1
3,3,41411,1,12,2,3,2,5,7,1,1,11,194,127,1
5,4,55212,2,66,4,5,3,12,9,1,1,28,552,730,3
5,6,59292,2,72,3,4,6,9,4,1,1,47,361,373,1
2,6,27190,2,14,2,2,1,3,9,1,2,24,300,13,2
3,3,82623,1,59,2,3,10,5,2,1,1,45,218,590,1
3,4,44300,3,66,3,2,1,4,7,1,1,32,352,37,1
3,3,84835,1,1,2,5,5,7,2,1,2,27,14,735,1
3,7,30372,3,34,4,3,1,4,8,1,1,26,521,39,1
4,4,33181,2,91,2,2,1,3,7,1,1,21,167,11,2
3,4,71113,2,96,5,7,8,10,5,1,1,40,184,534,1
3,4,71952,2,94,3,9,5,9,5,1,1,11,505,841,3
5,5,69759,1,39,4,5,7,6,4,1,2,31,230,640,1
3,4,72099,1,19,2,4,5,11,2,1,1,23,578,733,1
5,5,60000,2,58,6,12,4,6,7,1,1,21,524,774,1
3,5,38643,3,46,3,3,1,4,8,2,1,19,202,44,1
3,4,50737,2,62,2,3,1,5,7,1,1,42,392,94,2
5,4,68462,1,7,2,4,4,9,2,1,1,28,533,924,1
4,4,65073,1,66,2,6,4,6,3,2,1,54,295,565,1
5,6,46681,3,53,3,5,7,5,6,1,1,49,250,323,1
3,4,78618,1,88,2,5,8,11,3,1,1,40,605,1036,2
5,7,62187,2,39,4,7,3,11,5,1,1,28,96,435,1
3,4,28442,3,54,4,3,2,5,5,1,1,19,120,52,1
5,4,37717,2,32,2,2,1,3,10,1,1,19,552,20,1
3,4,51479,3,68,8,7,4,7,8,1,1,30,518,364,1
3,5,54803,2,66,3,7,3,10,5,1,1,28,641,463,1
3,4,79530,1,65,2,5,11,12,3,1,1,37,386,803,1
3,3,31615,2,83,3,3,1,4,8,1,1,21,446,46,1
3,6,72025,1,28,2,5,4,9,4,1,1,35,558,1002,1
5,5,52614,2,64,3,3,5,9,9,1,1,22,544,618,1
1,4,35684,2,67,2,2,1,4,7,1,1,13,65,25,1
3,4,48178,3,70,7,6,2,5,9,1,1,22,577,210,1
4,5,29548,2,53,2,2,2,3,5,1,1,27,286,24,2
3,5,63810,2,46,5,5,4,13,9,1,1,31,563,810,2
5,5,38578,3,3,4,4,1,4,9,1,2,25,353,68,1
4,5,46098,3,87,5,4,3,3,9,1,1,22,644,109,1
3,5,22585,1,24,2,2,2,3,10,1,2,27,444,76,2
3,5,30279,2,14,2,2,1,4,9,1,1,8,516,32,1
5,6,66426,2,15,3,4,6,11,7,1,1,36,255,814,1
3,5,30822,2,93,2,2,1,4,8,1,1,28,360,46,1
5,4,33581,3,39,2,2,1,3,9,1,1,28,507,12,1
3,4,19986,2,75,2,1,1,4,8,1,1,12,215,17,1
3,7,27421,1,15,4,5,2,7,8,1,1,43,533,262,1
1,4,35688,4,95,8,5,2,5,9,1,1,24,640,183,1
4,5,36143,2,34,2,1,2,3,4,1,1,16,88,14,1
3,5,10245,2,33,4,2,3,3,6,1,1,26,388,36,1
4,6,43795,2,12,4,8,4,5,8,1,2,29,242,362,2
3,6,63381,2,79,5,5,6,14,3,1,1,37,599,626,1
3,6,38823,2,57,2,3,2,4,7,1,1,48,632,104,1
5,3,83664,3,58,4,3,3,13,6,1,1,29,395,724,1
3,6,90300,1,8,1,6,7,9,2,1,1,18,167,952,2
4,6,62499,2,1,3,4,2,7,5,1,1,18,192,191,1
3,5,74293,1,67,2,6,5,7,3,1,1,4,53,696,1
5,4,51012,1,87,2,5,2,5,7,1,1,51,414,181,1
4,4,70777,2,81,4,6,4,13,4,1,1,29,119,508,1
5,6,68682,1,57,2,5,10,11,3,1,1,6,251,900,1
3,4,43824,3,19,5,4,2,5,9,1,1,26,617,166,1
3,6,15345,2,52,3,2,2,3,9,1,2,13,631,42,1
3,5,23442,2,72,2,2,1,4,8,1,1,10,522,22,1
1,6,14515,2,72,5,3,3,4,8,1,2,17,565,91,1
1,3,31395,3,81,5,3,2,4,7,1,1,41,439,59,1
3,6,75276,1,3,2,10,5,10,6,1,1,32,606,645,1
3,5,42373,3,84,6,3,2,6,6,1,1,23,300,148,1
3,6,30507,1,30,2,6,2,5,8,1,1,37,450,272,1
5,5,55521,4,12,10,7,4,7,8,1,2,42,236,337,2
3,4,48006,3,56,2,2,1,4,7,1,1,32,21,36,1
5,5,27213,2,20,4,3,1,5,9,1,2,25,632,65,1
5,3,65808,3,2,4,6,2,6,7,1,1,26,30,225,1
5,6,30351,2,20,2,4,1,3,10,1,1,23,367,41,1
3,4,50437,3,29,4,8,2,9,8,1,1,34,588,360,1
1,5,23616,2,77,3,4,1,4,9,1,2,15,558,74,1
3,4,53858,2,51,5,5,4,7,5,1,1,21,565,577,1
5,4,66465,2,2,4,12,10,13,7,1,1,42,432,858,2
3,5,46923,2,91,4,6,2,8,8,1,1,10,640,288,1
3,6,75072,2,84,3,6,5,9,4,1,1,35,493,664,1
5,4,75865,1,74,2,4,6,11,2,1,1,54,87,761,1
1,6,19789,2,25,4,3,2,4,6,1,1,22,210,73,2
3,6,80134,1,12,2,3,8,12,6,1,1,3,128,815,5
3,5,91065,1,34,2,8,10,10,4,1,2,16,466,852,3
4,4,49505,3,5,10,11,3,9,9,1,1,26,456,491,1
5,4,37401,2,15,3,3,1,4,8,1,1,24,51,43,1
3,4,30096,2,31,2,3,1,4,7,1,1,14,38,40,1
4,6,18492,2,76,2,2,1,3,9,1,1,15,25,5,1
4,4,82584,1,27,2,4,5,9,2,1,2,23,368,837,3
5,4,93027,1,78,1,8,11,6,3,1,1,55,419,1033,2
3,4,48686,4,9,2,2,1,3,9,1,1,44,197,15,1
3,4,92910,1,43,2,7,8,14,2,1,1,11,63,966,4
3,4,75433,2,29,3,3,6,11,7,1,1,8,82,733,3
1,6,10404,2,53,3,2,1,5,6,1,1,8,53,38,1
3,4,61314,2,2,3,6,6,13,4,1,1,29,407,628,1
5,5,84865,1,2,2,3,5,10,5,1,2,36,394,935,5
3,4,42387,2,43,6,9,2,8,9,1,1,8,576,456,1
1,6,67309,3,77,15,10,7,10,8,1,1,30,493,669,1
3,4,75236,2,28,2,9,4,14,5,1,1,33,206,661,1
3,5,30015,2,29,3,2,1,5,6,1,1,27,140,52,1
4,6,50943,2,50,2,2,1,4,6,1,1,41,354,41,1
3,3,67272,2,13,4,7,3,13,6,1,1,31,180,483,1
4,7,51529,2,15,3,10,2,6,9,1,1,48,278,349,1
5,4,32011,2,90,4,3,2,5,8,1,1,26,293,111,1
1,4,7500,2,97,3,3,1,4,9,1,1,11,481,31,1
3,4,28691,2,57,2,2,1,4,9,1,1,8,341,29,1
5,4,56223,2,73,3,3,2,6,5,1,1,49,181,141,1
3,4,18100,1,15,2,1,1,4,6,1,1,51,309,9,1
3,5,30279,2,14,2,2,1,4,9,1,1,8,516,32,1
1,4,20130,1,100,2,2,1,4,9,1,1,23,101,29,1
3,3,23295,1,73,2,2,1,3,9,1,1,38,333,15,1
4,3,42618,2,93,3,6,1,5,9,1,1,25,249,171,1
3,5,81246,1,88,2,5,6,8,2,1,1,33,172,816,3
3,4,24027,2,8,3,3,1,4,9,1,1,21,365,43,1
5,4,55707,2,92,3,4,3,10,4,1,1,44,179,325,1
3,5,57959,2,72,6,5,8,12,4,1,1,42,401,549,1
3,4,56796,2,25,4,9,10,8,8,1,1,28,472,623,1
4,5,36230,2,18,2,3,1,5,6,1,1,26,241,54,1
1,4,70829,3,88,3,5,3,9,4,1,1,17,200,327,1
3,4,65991,2,22,4,10,6,11,8,1,1,21,624,606,1
3,4,38988,4,91,8,6,2,7,9,1,1,25,642,274,1
1,5,89572,1,45,2,8,8,10,5,1,2,31,617,1021,3
4,4,42207,2,72,5,5,2,6,7,1,2,13,430,218,2
3,4,50300,2,53,3,3,2,9,3,1,1,45,35,223,1
1,6,66664,1,79,2,6,8,7,4,1,1,15,608,781,1
3,4,60597,2,3,5,3,3,9,8,1,2,33,169,561,2
3,7,70165,1,61,2,4,8,12,2,1,1,48,264,581,1
5,7,50520,2,26,3,4,2,4,7,1,1,39,145,124,1
3,4,80124,1,48,2,4,8,9,2,1,1,34,4,861,2
3,4,33183,2,47,3,5,1,4,8,1,1,22,120,109,1
5,5,66582,1,84,2,3,9,10,2,1,1,28,113,780,1
5,6,75261,1,18,2,6,7,6,3,1,2,42,409,953,3
3,7,31880,2,14,2,2,1,3,9,1,1,27,574,10,1
3,4,53790,3,87,4,8,3,9,7,1,1,46,110,388,1
5,6,49269,2,93,4,8,4,13,8,1,1,26,647,559,1
3,4,61456,2,48,5,7,11,14,5,1,1,22,435,822,1
3,4,37406,2,19,2,2,1,3,9,1,2,17,248,12,1
5,6,56937,2,82,8,9,7,10,7,1,2,16,658,570,2
3,4,38415,3,92,3,2,1,4,8,1,1,19,513,39,1
3,5,20518,2,59,2,2,2,3,6,1,1,9,40,20,1
3,4,62503,2,41,5,9,4,12,6,1,1,41,470,608,1
5,5,41644,3,68,3,2,1,4,4,1,1,25,48,26,1
4,4,55842,2,20,2,8,2,9,6,1,1,20,37,375,1
5,4,62010,2,94,5,7,3,8,6,1,1,25,582,384,1
3,4,41124,2,42,8,8,4,5,9,1,1,20,574,372,1
4,4,38961,2,61,2,3,2,3,8,1,1,24,171,65,1
4,3,37760,2,55,2,3,1,4,7,1,1,25,304,49,1
3,5,32233,2,27,3,7,3,3,10,1,2,23,643,241,2
3,4,43057,2,31,5,5,3,6,6,1,1,22,228,219,1
4,6,83151,1,94,2,6,10,5,4,1,1,37,595,489,1
5,3,78825,1,36,2,6,11,14,4,1,2,33,618,563,1
4,6,65104,2,5,3,4,6,8,8,1,1,21,215,654,1
3,4,60093,2,93,3,8,3,11,7,1,1,23,349,485,1
3,4,14045,2,25,2,2,1,4,8,1,1,28,147,15,1
1,7,28457,1,97,2,5,2,5,9,1,1,45,577,179,1
5,6,78952,2,12,3,3,6,13,7,1,1,39,609,1030,1
3,3,46310,2,100,3,7,2,6,9,1,1,21,542,250,1
3,6,76005,1,73,2,4,6,14,7,1,1,42,466,945,2
4,5,58308,2,78,5,3,7,4,9,1,1,33,503,565,1
5,3,55614,1,86,2,10,5,7,8,1,1,53,204,454,2
4,3,59432,2,89,4,6,4,12,6,1,1,35,419,448,1
3,3,55563,2,23,2,3,1,4,4,1,1,19,82,38,1
5,6,78642,2,84,2,5,10,5,7,1,1,26,411,973,1
5,6,67911,2,64,4,7,8,12,4,1,1,48,38,610,1
3,4,65275,1,10,2,5,4,14,3,1,1,53,428,488,1
3,6,27203,3,93,3,2,2,3,9,1,1,47,656,59,1
4,6,48330,2,3,2,2,1,4,6,1,1,36,214,27,1
2,4,24279,1,7,2,5,2,4,9,1,1,7,517,216,1
5,4,64355,2,67,3,5,4,13,9,1,1,12,638,842,1
4,6,50943,2,50,2,2,1,4,6,1,1,41,354,41,1
3,7,53653,1,30,3,11,5,13,7,1,1,44,567,744,1
3,4,65665,2,78,2,6,11,9,4,1,1,21,199,592,1
3,5,81217,1,78,2,4,8,12,2,1,1,8,327,715,1
3,4,34935,1,72,2,3,2,5,8,1,1,5,354,125,1
3,3,61250,2,50,7,6,3,13,6,1,1,38,530,480,1
5,6,39665,2,98,4,5,3,4,8,1,1,16,378,186,2
3,5,60152,2,7,2,7,5,13,4,1,1,18,434,591,1
3,4,48920,3,94,4,7,3,6,8,1,1,33,238,273,2
4,6,89120,1,79,2,6,7,8,2,1,1,38,101,999,2
5,6,44124,2,63,5,7,3,6,9,1,1,51,392,303,1
4,5,81169,1,48,2,6,8,10,3,1,1,22,418,1028,1
3,4,36443,3,10,5,4,2,4,9,1,1,36,484,126,1
3,5,26095,2,78,2,2,1,4,8,1,1,7,345,37,1
3,6,71367,1,25,2,5,6,8,3,1,1,38,292,505,1
4,4,80184,1,20,2,7,4,11,4,1,1,53,115,992,3
3,3,30630,3,68,3,3,1,4,8,1,1,32,146,47,1
4,5,73454,1,96,2,3,5,7,6,1,1,10,115,919,2
3,4,42691,1,49,2,6,2,7,6,1,1,6,299,280,1
3,4,70503,1,74,2,3,5,10,7,1,1,44,603,947,3
3,4,25545,2,36,4,3,3,4,7,1,2,10,623,182,1
3,4,32880,2,77,2,2,1,4,9,1,1,11,541,37,1
5,6,77863,1,21,2,5,6,11,3,1,1,39,204,782,1
4,4,50353,1,73,2,5,5,7,4,1,1,20,22,334,1
3,5,61839,1,21,2,5,9,5,9,1,1,33,650,989,1
5,4,49154,3,70,7,5,2,9,7,1,1,37,225,313,1
1,7,47682,2,81,5,5,4,9,6,1,1,22,473,377,1
3,5,72679,2,66,2,5,8,6,2,1,1,28,268,721,1
4,6,57954,3,53,8,9,3,7,8,1,1,20,12,363,2
3,4,65316,3,66,3,4,3,6,5,1,1,35,408,215,1
3,5,28567,2,58,3,3,1,4,7,1,1,15,358,41,1
4,6,47352,2,71,5,7,2,6,8,1,1,46,421,259,1
3,6,44931,2,1,2,3,2,4,6,1,1,30,154,91,1
3,3,76982,1,20,2,9,4,5,5,1,2,30,127,656,2
1,6,57247,2,51,3,3,2,8,3,1,1,45,307,197,1
4,5,22944,2,68,4,4,1,4,8,1,1,16,178,71,1
1,6,25315,2,47,4,4,1,4,9,1,1,20,221,49,1
3,7,43638,2,38,3,5,2,5,8,1,1,28,656,177,1
5,5,42710,2,39,3,5,6,4,7,1,1,13,547,309,1
5,4,84169,1,10,2,8,7,7,4,1,2,15,308,996,3
3,6,54058,2,57,3,5,7,9,4,1,1,21,368,447,1
1,4,24683,2,99,3,3,1,5,6,1,1,7,108,36,1
3,7,85620,1,69,2,4,7,5,2,1,2,33,163,901,1
3,4,47850,2,73,2,4,1,5,7,1,1,17,198,123,1
3,4,19514,3,48,5,4,2,3,9,1,2,29,147,64,2
4,4,27159,3,34,3,2,1,4,7,1,1,24,89,16,1
1,5,39548,3,88,3,2,2,4,4,1,1,34,87,49,1
3,5,21474,2,1,3,4,2,3,8,1,2,8,79,86,2
5,5,60504,2,74,3,7,3,9,7,1,1,26,135,380,1
3,4,22419,1,75,2,4,3,3,9,1,1,34,414,147,1
4,4,81698,1,5,2,4,9,14,2,1,2,48,222,628,1
3,6,43462,3,51,7,5,2,6,9,1,1,45,619,202,1
5,5,54880,2,58,3,7,3,12,6,1,1,19,460,513,1
3,4,79908,1,31,2,6,7,8,3,1,1,15,427,960,2
1,4,15315,1,28,3,3,1,5,6,1,1,27,312,59,1
3,6,87771,2,62,2,6,11,5,7,1,2,38,381,1006,5
3,4,33039,2,5,2,3,1,5,6,1,1,19,277,73,1
3,5,81741,1,76,1,7,7,8,3,1,1,17,359,888,1
4,6,71499,2,13,3,9,4,14,5,1,1,26,350,513,1
1,4,62466,2,14,6,7,4,13,5,1,1,27,156,558,1
5,3,48799,2,10,4,4,3,8,4,1,1,34,223,266,1
5,6,52157,2,49,3,4,3,6,5,1,1,47,23,218,1
3,5,66565,2,81,5,5,3,10,9,1,1,35,540,658,1
4,6,29298,3,61,2,2,1,3,6,1,1,46,278,6,1
3,5,47691,2,44,2,2,1,3,7,1,1,18,340,16,1
3,6,38200,3,20,2,2,1,3,8,1,1,27,538,12,1
3,4,44989,2,27,6,6,2,6,7,1,1,23,619,288,1
5,4,38443,3,59,3,2,1,4,8,1,1,29,146,33,1
1,5,38593,2,43,4,5,2,4,9,1,1,19,273,159,1
5,6,64413,2,28,2,6,2,6,6,1,1,27,314,231,1
4,4,36959,2,57,3,3,1,4,9,1,1,16,255,57,1
5,4,61996,2,28,4,7,5,9,6,1,2,20,487,754,4
3,4,51287,3,11,4,5,2,4,8,1,1,29,86,162,1
3,4,13260,3,49,5,4,1,4,9,1,1,27,292,44,1
5,6,47472,3,40,3,3,1,5,6,1,1,31,270,70,1
4,6,54603,3,86,7,5,3,5,8,1,1,41,336,195,1
5,4,45207,3,65,6,4,2,7,7,1,1,23,564,185,2
3,6,40689,2,70,8,8,2,6,9,1,1,46,444,336,1
1,6,47821,3,55,2,2,1,4,9,1,1,30,238,42,1
4,4,27450,1,58,2,3,2,4,8,1,1,46,417,130,1
3,6,39453,2,65,3,3,1,4,7,1,1,14,84,50,1
1,6,26850,3,11,5,3,2,5,5,1,1,26,69,58,1
3,7,79800,1,66,2,6,12,6,4,1,2,42,610,984,4
4,4,61794,2,75,3,5,5,11,3,1,1,36,272,424,1
3,6,53863,2,5,4,8,2,8,8,1,1,42,41,352,2
3,6,24221,1,95,2,2,2,4,5,1,1,38,295,50,1
5,5,39684,2,42,3,3,2,3,8,2,2,13,593,76,1
4,4,92163,1,26,1,6,12,6,3,1,2,22,533,1025,3
4,5,69882,1,95,2,4,8,10,2,1,1,32,218,854,1
3,6,33178,2,10,2,2,1,4,5,1,1,20,143,44,1
5,4,59973,1,48,2,4,5,8,2,1,1,25,275,294,1
4,6,17459,2,13,4,4,2,3,8,1,2,22,267,64,1
3,3,23910,2,81,2,3,1,4,8,1,1,28,579,62,1
4,4,42169,3,21,3,2,1,4,9,1,1,28,239,25,1
1,4,26224,2,40,4,3,2,4,7,1,1,19,368,58,1
3,6,31089,2,58,4,4,1,5,9,1,1,16,645,74,1
3,5,30081,2,28,2,2,1,4,8,1,1,36,467,37,1
3,6,62807,2,84,4,6,4,13,6,1,1,37,631,527,1
3,5,72906,1,80,2,4,5,10,2,1,1,42,269,711,1
5,4,61467,3,70,4,6,3,11,6,1,1,49,536,412,1
4,6,49618,3,78,5,4,2,4,8,1,1,31,490,118,1
4,5,21888,2,16,5,6,2,3,11,1,2,11,517,184,1
3,7,42429,2,100,3,2,2,4,6,1,1,24,131,62,1
3,3,26150,4,62,2,2,1,4,8,1,1,41,450,23,1
2,4,30801,2,24,3,2,1,4,8,1,1,22,579,40,1
3,4,81168,1,85,2,7,5,8,4,1,1,32,50,738,2
4,5,26877,1,75,3,4,2,7,7,1,1,28,296,221,1
4,7,45006,1,91,2,4,2,8,4,1,1,53,328,219,1
2,4,18978,2,42,2,2,1,4,9,1,1,24,534,32,1
3,4,22574,4,29,3,3,1,4,8,1,1,30,230,32,1
5,5,48240,1,74,4,7,4,14,6,1,2,28,565,556,1
3,4,45837,3,89,6,7,3,6,8,1,1,23,320,291,1
4,5,35791,4,95,3,2,1,4,9,1,1,32,397,30,1
5,6,162397,3,32,1,1,1,2,2,1,1,21,369,100,1
3,7,54162,3,32,2,2,1,4,5,1,1,19,444,37,1
4,4,30522,2,7,6,2,3,10,3,1,1,37,645,264,1
5,4,54456,2,24,4,7,2,8,7,1,1,36,335,307,1
3,5,31632,1,93,2,3,2,3,8,1,1,26,332,90,1
3,7,72298,1,53,2,5,4,7,2,1,1,48,106,589,3
1,5,36975,2,51,2,2,1,4,8,1,1,19,173,28,1
1,4,72635,1,55,2,7,9,7,4,1,1,42,369,612,2
3,4,13624,2,94,3,3,1,4,7,1,1,21,496,31,1
3,5,84196,2,57,2,9,5,8,4,1,1,22,369,758,1
3,6,70971,2,29,8,12,12,6,8,1,2,37,612,976,1
5,3,34487,3,95,4,4,1,4,10,1,1,20,625,98,1
3,5,28769,2,77,4,5,2,5,10,1,1,20,528,170,1
5,4,69084,2,44,3,8,4,14,9,1,1,27,211,895,1
5,6,65488,1,47,2,4,5,7,2,1,1,39,17,599,1
1,4,62466,2,14,6,7,4,13,5,1,1,27,156,558,1
1,5,32218,1,28,2,3,2,4,8,1,2,37,127,88,2
3,5,83917,1,13,2,7,8,8,4,1,2,24,414,896,1
3,3,46102,4,4,2,2,1,3,8,1,1,35,106,11,1
3,5,84574,1,73,2,10,12,12,6,1,1,45,368,812,1
3,4,56181,2,7,2,5,3,8,5,1,1,35,507,300,1
4,3,63120,2,54,6,9,5,10,8,1,2,47,605,853,1
3,4,73691,2,59,3,7,3,9,3,1,1,26,222,728,2
3,6,63381,2,79,5,5,6,14,3,1,1,37,599,626,1
5,6,76140,1,58,2,6,10,7,3,1,1,49,44,803,1
5,3,62859,2,38,5,10,5,7,7,1,1,38,516,787,1
3,5,45906,2,21,3,6,5,5,6,1,1,33,396,358,2
4,6,77632,1,74,2,5,3,7,3,1,2,50,451,1043,3
5,4,46463,3,57,8,4,2,7,7,1,1,26,297,199,1
3,6,105471,1,37,1,10,9,14,4,1,2,27,495,946,3
4,3,55282,2,10,2,4,2,7,5,1,1,27,188,199,1
4,4,78710,2,43,4,8,7,13,5,1,1,20,37,676,1
3,6,66886,2,29,3,8,2,8,6,1,1,39,270,416,1
4,5,98777,1,24,1,5,7,10,2,1,1,37,125,1012,2
3,6,29103,2,39,3,2,1,4,10,1,1,12,635,43,1
3,4,67445,2,64,6,10,7,13,7,1,1,23,650,725,1
5,6,50616,2,72,2,2,2,5,3,1,1,47,74,62,1
3,3,49431,2,10,3,8,2,6,9,1,1,42,659,285,1
3,3,153924,1,82,1,1,1,1,1,1,1,22,135,2,1
3,6,61278,2,88,3,4,2,5,7,1,1,44,166,149,1
1,6,26490,1,93,3,4,2,6,7,1,1,39,611,182,1
5,6,73059,2,37,2,10,4,14,5,1,1,50,284,678,1
5,5,46734,4,87,5,4,3,4,7,1,1,31,237,192,2
3,6,56253,2,84,5,8,3,10,7,1,1,34,538,415,1
3,4,19986,2,75,2,1,1,4,8,1,1,12,215,17,1
3,7,58330,2,88,2,7,5,14,5,1,1,22,176,657,1
2,4,25965,1,30,2,3,1,4,9,1,1,17,624,69,1
4,6,14661,1,89,2,2,1,4,7,1,1,41,514,21,1
3,4,18690,1,78,2,2,2,3,9,1,1,38,518,55,1
5,6,45068,2,26,2,2,1,3,8,1,1,23,387,15,1
2,5,21063,2,35,3,3,1,4,7,1,1,10,261,54,1
5,4,29187,2,44,2,2,1,4,9,1,1,29,394,29,1
1,4,54690,3,77,4,4,2,6,4,1,1,26,221,175,1
5,4,59304,2,82,4,8,9,11,6,1,1,33,317,651,1
4,5,59247,3,88,6,6,3,10,7,1,1,35,220,403,1
3,7,66731,2,34,5,5,4,7,4,1,1,27,619,640,1
3,4,77353,2,39,3,7,5,9,5,1,1,17,185,450,1
5,5,52614,2,64,3,3,5,9,9,1,1,22,544,618,1
3,4,26751,3,27,2,2,1,3,9,1,1,23,38,6,1
5,4,81300,2,18,4,11,4,6,6,1,2,34,575,760,2
3,5,70337,1,76,2,3,3,13,2,1,1,18,168,405,1
1,4,36145,2,14,5,5,2,4,10,1,2,12,359,154,2
5,5,65295,1,20,2,4,4,14,3,1,1,17,178,449,1
3,3,68118,2,52,3,9,10,5,7,1,1,34,240,582,1
3,3,68743,1,82,2,12,6,14,8,1,1,30,632,1023,1
1,6,41039,1,33,2,9,2,6,9,1,1,15,321,349,1
3,6,38946,2,85,3,4,2,7,6,1,1,42,234,212,1
3,6,65777,1,88,2,3,9,7,2,1,1,30,182,706,1
5,3,66476,2,100,3,6,3,12,5,1,1,21,454,459,1
5,5,86857,1,97,2,6,7,11,3,1,2,25,619,1031,1
5,4,160803,1,22,15,1,14,2,1,1,1,15,658,944,1
5,6,77845,1,41,2,4,6,13,2,1,1,8,42,802,3
5,6,69476,1,4,2,5,7,5,3,1,1,28,257,648,1
5,3,50611,2,99,7,5,6,8,7,1,2,37,600,363,2
3,5,61209,1,74,2,6,4,5,3,1,1,27,290,596,1
4,6,42315,2,91,4,2,5,5,4,1,1,39,334,223,1
2,6,13084,1,30,2,2,1,4,7,1,1,45,226,24,1
4,7,47570,3,4,4,3,3,3,8,1,2,48,374,110,1
4,4,61923,3,95,2,3,2,5,4,1,1,36,320,115,1
3,5,34824,1,66,2,2,1,3,7,1,1,2,92,18,1
5,5,26518,3,34,4,3,1,4,9,1,2,48,424,52,1
3,5,45938,1,47,3,9,5,7,7,1,1,36,225,435,1
3,6,78468,1,30,2,11,8,11,5,1,1,37,78,625,2
3,3,78901,2,100,4,10,4,6,5,1,1,24,269,484,1
3,4,71427,3,27,3,9,3,9,5,1,1,19,104,426,1
3,3,71022,2,31,4,6,3,12,9,1,1,19,131,844,2
4,5,90247,1,28,2,4,5,8,2,1,2,9,58,909,4
4,3,41335,2,25,4,5,2,5,8,1,1,29,175,167,1
3,4,71952,2,94,3,9,5,9,5,1,1,11,505,841,3
5,3,35682,2,35,2,2,2,4,3,1,1,27,3,52,1
3,3,43185,2,89,3,10,4,7,9,1,1,46,422,436,1
5,6,66375,2,97,4,3,5,6,8,1,1,49,209,594,2
4,4,35178,2,11,2,2,2,3,8,1,2,26,505,54,2
3,4,25252,2,27,2,2,1,3,9,1,1,11,334,13,1
4,5,55250,2,50,5,8,6,11,6,1,1,32,584,568,1
3,5,33249,2,12,3,3,2,4,7,1,1,22,468,103,1
3,6,58398,1,45,4,6,5,9,5,1,1,44,389,414,1
3,6,50272,2,76,4,5,2,6,8,1,1,15,308,198,1
5,4,76618,1,65,2,4,3,6,2,1,1,22,538,868,1
1,3,87305,1,20,2,6,4,9,3,1,2,37,610,712,2
3,6,25851,2,46,3,3,1,4,8,1,1,19,477,43,1
3,3,58710,2,78,7,12,6,10,7,1,1,27,431,731,1
3,5,45160,3,10,2,2,1,3,8,1,1,39,89,16,1
4,4,74806,2,2,3,6,5,6,5,1,1,32,527,601,1
3,4,59111,1,91,2,12,2,9,8,1,1,43,401,550,1
5,4,18988,2,44,3,2,1,4,8,1,1,13,37,11,1
3,4,72190,1,80,2,6,7,5,4,1,1,32,475,1004,1
3,4,7500,2,20,6,5,2,3,10,1,2,21,661,66,2
3,4,44794,2,100,2,3,1,4,7,1,1,31,22,60,1
3,4,80395,1,63,2,7,6,13,3,1,1,42,207,817,2
4,3,75012,1,42,2,4,9,12,2,1,1,21,148,638,1
4,4,56962,4,61,8,7,4,6,8,1,1,32,247,313,1
3,6,89891,1,18,2,12,7,9,5,1,1,6,417,535,2
5,3,35946,3,25,2,1,1,4,6,1,1,48,259,6,1
5,6,53593,3,61,9,8,3,7,9,1,1,44,655,354,1
3,4,66373,3,58,8,5,3,11,4,1,1,19,362,421,1
5,3,45072,4,75,6,7,2,5,9,1,1,49,242,234,1
3,3,89694,3,23,4,5,4,5,6,1,1,24,249,851,4
3,4,72025,1,47,2,5,9,14,3,1,2,48,58,928,4
3,4,67432,2,70,3,9,6,5,5,1,1,24,433,797,1
4,6,70545,2,30,2,5,2,8,3,1,1,45,27,268,1
2,4,17487,2,38,2,2,1,3,8,1,1,8,444,13,1
3,6,62882,2,27,3,8,6,7,5,1,1,28,653,799,1
5,5,64108,2,9,5,7,10,12,6,1,1,44,439,680,1
4,6,34941,3,27,3,4,1,4,9,1,1,41,455,92,1
5,5,48767,4,80,4,3,2,4,6,1,1,47,169,58,1
1,6,38702,2,72,3,4,1,5,7,1,1,19,314,102,1
3,4,82224,1,84,2,7,10,6,4,1,1,33,148,567,2
3,6,83844,1,58,2,5,5,12,2,1,1,45,391,890,2
1,4,17003,2,38,4,3,1,5,6,1,1,22,192,33,1
3,5,71163,1,31,2,4,9,13,2,1,1,2,107,597,1
3,5,33697,2,35,2,2,1,3,8,1,1,27,271,23,2
1,4,63564,1,1,2,11,11,8,7,1,2,43,144,747,2
5,6,83443,1,90,2,7,11,6,3,1,1,25,170,862,1
5,6,51518,2,93,3,4,3,11,4,1,1,39,254,340,1
3,7,58330,2,88,2,7,5,14,5,1,1,22,176,657,1
3,4,80952,1,21,2,9,6,12,9,1,2,28,461,957,4
3,6,75507,1,57,2,9,7,7,4,1,1,18,55,839,1
1,6,63855,1,29,2,8,4,14,5,1,1,19,479,627,1
5,6,62220,2,56,6,8,7,6,7,1,2,25,651,751,1
3,4,58512,2,26,6,4,5,9,9,1,1,33,267,723,1
4,4,40662,2,1,3,3,2,4,5,1,1,18,447,87,1
5,4,38829,2,87,2,4,3,3,6,1,1,38,81,94,1
1,4,35523,2,9,3,4,1,4,8,1,1,16,254,61,1
3,5,79146,3,34,3,9,2,9,7,1,1,30,63,399,1
4,4,78285,1,14,2,7,5,11,4,1,1,9,230,834,1
5,5,31626,2,13,2,3,2,3,8,1,2,19,393,81,2
3,5,75127,1,93,2,3,12,6,2,1,1,45,38,532,1
3,4,48726,2,91,4,4,3,5,7,1,1,42,406,204,1
3,4,74985,1,9,2,4,7,8,3,1,1,20,620,985,1
3,6,67430,1,7,2,12,6,13,7,1,1,10,626,805,1
1,4,46891,2,92,2,3,2,5,5,1,1,32,283,163,1
4,4,62058,2,53,5,7,2,8,7,1,1,41,377,341,1
3,4,72063,2,4,3,6,3,13,3,1,1,18,342,494,1
5,4,78939,1,58,2,9,6,7,4,1,1,46,189,866,1
3,5,42720,3,10,9,8,4,8,9,1,2,32,408,442,1
3,4,33622,3,23,4,3,1,5,8,1,1,25,419,76,1
5,6,6835,2,77,1,1,1,2,16,1,1,40,537,125,1
3,6,41452,3,87,2,2,1,3,8,1,1,44,455,11,1
5,5,40760,2,65,3,3,2,4,7,1,1,32,285,88,1
5,6,74250,1,91,2,3,12,5,2,1,1,39,147,716,1
4,5,51124,3,80,3,2,1,4,4,1,1,42,183,38,1
3,5,72258,2,29,3,7,10,6,3,1,1,26,274,873,1
5,5,71466,1,87,2,5,5,11,2,1,1,23,82,754,1
3,6,36283,3,43,3,2,1,4,5,1,1,21,73,24,1
3,5,20587,2,40,2,2,2,3,8,1,1,27,46,20,1
3,4,30467,2,9,2,2,1,3,8,1,1,25,99,19,1
3,6,31590,2,41,2,2,1,4,9,1,1,25,357,33,1
2,4,20425,2,6,3,3,1,4,8,1,1,11,576,52,1
4,6,17144,3,97,6,4,1,5,8,1,1,37,127,42,1
5,3,42564,2,29,7,7,9,5,8,1,2,29,513,522,2
4,4,43783,2,23,7,8,2,9,8,1,1,19,31,429,2
3,3,40780,2,31,5,8,2,6,10,1,1,21,623,292,1
4,6,62847,1,46,2,4,7,5,3,1,1,52,500,905,1
5,4,82017,1,59,2,6,5,8,3,1,2,40,567,479,4
3,5,16813,1,50,2,3,1,4,8,1,1,47,327,45,2
3,4,51267,3,38,5,4,4,6,5,1,1,19,229,223,1
3,5,46524,2,71,3,2,2,6,4,1,1,36,427,159,1
4,5,45183,1,34,2,5,2,8,8,1,1,35,496,255,2
5,4,70421,2,99,4,11,4,8,7,1,1,43,2,499,1
1,3,60161,2,18,4,12,5,9,9,1,1,32,582,662,1
3,6,73926,1,55,2,7,6,13,4,1,1,24,459,893,1
3,4,19329,2,40,4,5,1,4,9,1,1,29,187,55,1
4,4,61872,2,82,5,5,5,10,5,1,1,27,188,402,1
3,7,46984,3,72,2,2,1,4,6,1,1,41,436,36,1
3,4,34838,3,63,4,3,2,5,7,1,1,46,497,152,1
5,5,82716,1,9,2,7,9,14,3,1,1,53,223,720,1
3,4,48192,1,77,4,3,9,13,9,1,2,39,426,874,4
4,4,49681,3,67,7,8,2,8,8,1,1,21,224,344,1
4,4,56850,2,84,2,2,2,4,3,1,1,26,95,58,1
3,4,55267,2,29,5,4,5,7,4,1,1,40,237,308,1
3,4,59666,3,88,8,4,3,9,9,1,1,25,440,638,2
3,5,72504,2,44,3,6,10,7,3,1,1,25,426,854,1
3,4,26872,1,1,2,2,2,3,7,1,1,16,242,67,1
3,5,21359,2,2,3,3,1,4,9,1,2,25,412,43,1
3,5,73170,1,2,2,6,5,7,3,1,1,22,29,476,1
4,4,52750,2,73,7,6,8,10,5,1,1,42,483,546,1
5,6,91820,1,73,1,6,6,13,2,1,1,11,207,862,1
5,6,65968,2,13,3,6,5,8,4,1,1,27,45,365,1
3,4,30772,3,90,2,2,1,3,7,1,1,21,104,15,1
3,5,22507,1,68,4,11,3,5,10,1,1,43,551,401,1
3,4,65685,2,55,2,10,3,10,6,1,1,25,89,500,1
1,4,25804,2,35,3,3,1,4,9,1,1,19,283,50,1
5,5,76412,1,16,2,6,5,9,4,1,2,17,398,970,3
3,4,22063,2,44,3,3,1,4,8,1,1,25,307,50,1
3,5,57091,1,1,2,8,4,8,6,1,2,36,15,406,2
3,4,22419,1,75,2,4,3,3,9,1,1,34,414,147,1
3,6,87771,2,62,2,6,11,5,7,1,2,38,381,1006,5
1,3,78353,2,52,2,11,3,12,9,1,1,38,416,892,1
3,4,93404,4,98,4,4,5,8,6,1,1,43,396,907,3
3,3,37859,4,76,3,2,1,4,9,1,1,35,503,31,1
5,7,80995,2,84,2,9,10,5,5,1,1,39,392,856,1
3,6,16529,2,24,2,2,1,4,7,1,1,13,115,17,1
5,3,55412,3,66,2,3,1,4,6,1,1,21,208,58,1
3,5,48789,1,95,2,7,5,8,7,1,1,5,621,453,1
5,6,56575,3,43,4,8,4,8,6,1,1,30,398,388,1
1,6,25130,2,11,3,3,1,4,8,1,1,17,255,45,1
3,4,35441,3,95,3,2,1,4,9,1,1,30,474,34,1
3,4,71391,2,51,6,7,6,13,4,1,1,41,433,647,1
4,5,49494,2,47,3,7,2,6,8,1,1,25,407,296,1
3,3,81702,1,99,2,8,8,13,4,1,1,17,610,913,1
1,5,45889,2,43,2,2,1,4,7,1,1,17,343,41,1
3,5,56628,2,31,3,8,7,6,6,1,1,20,97,495,2
3,6,34026,3,12,4,3,2,4,6,1,1,47,310,71,1
3,4,40049,2,62,4,4,3,7,6,1,1,23,546,237,1
3,5,34176,2,13,5,4,1,5,7,1,1,9,45,84,1
3,4,19419,2,77,5,5,1,4,10,1,1,16,564,65,1
1,4,82504,1,3,2,4,7,8,2,1,1,37,319,659,1
3,6,81205,1,44,2,6,7,8,3,1,2,27,158,1013,4
1,5,61618,1,28,3,4,7,9,4,1,1,6,604,801,1
4,5,55284,2,61,4,8,6,9,6,1,1,41,522,497,1
3,5,49980,2,80,3,4,2,6,6,1,1,34,235,174,1
3,4,15072,3,97,5,4,2,4,6,1,1,17,393,48,1
3,5,49166,2,18,3,6,4,4,7,1,1,23,361,287,1
5,4,65324,2,1,4,7,3,10,5,1,1,43,160,389,1
1,4,82347,1,39,2,8,8,11,4,1,1,40,568,982,3
5,6,30843,3,44,3,2,2,3,6,1,1,31,34,30,2
5,4,46374,2,2,4,8,2,8,9,1,2,23,101,337,3
3,5,60474,2,26,8,11,3,13,8,1,1,18,430,729,1
4,4,38576,2,3,2,2,1,4,8,1,1,24,112,36,1
3,4,55357,3,67,4,7,3,12,6,1,1,12,469,477,1
3,6,37758,3,50,3,2,1,4,9,1,1,31,600,35,1
1,4,85710,1,6,2,7,10,11,3,1,1,8,398,656,2
3,6,23228,2,72,3,3,1,4,9,1,1,28,147,35,1
4,6,44602,3,36,7,7,2,5,9,1,1,28,127,238,1
3,4,7500,1,95,2,1,1,4,7,1,1,10,506,10,1
1,6,38683,2,81,7,5,2,7,8,1,1,8,600,271,1
1,5,49514,2,62,3,7,2,5,8,1,1,22,184,288,1
5,6,57906,2,30,4,5,3,9,5,1,1,24,363,306,1
4,5,43456,2,1,4,6,2,9,6,1,1,31,436,300,1
4,5,19485,3,81,2,2,1,3,8,1,1,11,262,5,1
3,6,53172,2,55,4,3,4,9,4,1,1,19,397,358,1
3,6,30545,2,72,3,3,1,4,8,1,1,18,588,64,1
5,6,70123,1,28,2,6,8,5,4,1,1,14,258,947,3
3,5,62450,2,62,3,6,6,5,4,1,1,38,164,621,2
3,6,21675,2,56,4,5,1,4,8,1,1,21,19,40,1
1,5,42395,3,36,5,4,2,5,8,1,1,16,83,162,1
4,6,61346,2,35,2,6,8,11,4,1,1,19,251,617,1
3,6,80812,1,96,2,5,9,6,3,1,1,44,269,928,4
4,3,42835,3,65,8,7,7,5,7,1,1,26,345,413,1
3,4,39922,2,31,3,4,1,5,9,1,1,14,474,141,1
4,5,86424,1,13,2,7,10,13,2,1,1,41,82,751,1
1,6,17117,2,97,5,4,2,4,10,1,1,19,498,117,1
3,5,24762,2,17,4,4,2,3,9,1,2,25,132,81,2
3,4,35797,2,17,3,3,1,4,9,1,1,22,589,63,1
3,3,36627,3,79,2,1,1,4,6,1,1,22,323,11,1
1,4,51111,3,84,3,3,1,4,7,1,1,16,11,50,1
5,5,86857,1,97,2,6,7,11,3,1,2,25,619,1031,1
5,6,82072,1,68,2,4,3,14,2,1,1,27,343,1015,1
5,5,46231,4,88,5,7,2,5,10,1,1,44,549,216,1
3,4,42243,3,35,3,3,1,4,8,1,1,38,190,50,1
3,6,51195,3,47,9,10,3,6,9,1,1,35,430,399,1
4,5,68092,1,8,3,3,7,11,6,1,1,19,185,776,1
3,4,31814,2,74,3,3,1,4,10,1,1,24,479,78,2
4,7,51390,3,55,7,6,3,6,6,1,1,32,623,277,1
3,4,76630,1,94,2,4,11,12,2,1,1,14,157,624,1
2,5,26868,2,53,2,2,1,3,8,1,1,6,57,9,1
5,3,48948,1,54,3,8,11,6,7,1,2,54,486,567,2
5,5,55260,2,82,3,9,11,6,7,1,1,25,533,703,1
3,6,64090,2,9,2,7,10,5,6,1,2,41,308,514,1
3,3,78331,2,98,3,11,7,8,5,1,1,39,150,915,1
5,4,37087,2,51,4,5,3,9,7,1,1,23,304,306,1
3,3,21846,2,39,5,5,1,4,9,1,1,11,236,79,1
3,4,81320,1,62,2,5,4,11,3,1,1,39,482,582,1
3,3,54137,2,47,3,5,2,5,7,1,1,27,299,178,1
3,6,66825,1,74,2,5,6,7,3,1,1,30,332,544,1
3,6,57100,1,20,2,4,4,7,4,1,1,24,197,311,1
3,6,58917,4,11,6,5,2,7,6,1,1,28,438,232,1
3,5,85072,1,95,2,4,5,11,1,1,1,20,78,832,1
3,5,86429,1,11,1,8,5,8,3,1,2,36,209,843,2
3,7,45684,2,38,2,2,1,3,8,1,1,26,199,23,1
3,6,47889,2,95,2,3,1,4,6,1,1,23,166,62,1
5,4,45921,1,24,2,3,2,7,5,1,1,11,106,176,1
5,5,78420,1,76,2,4,11,9,2,1,1,31,346,844,1
3,6,75114,1,41,2,4,11,6,3,1,1,5,221,765,1
5,7,52278,2,25,7,11,6,11,9,1,2,34,491,741,1
4,4,35641,2,12,3,4,2,5,8,1,2,25,332,160,1
3,5,95529,1,30,2,8,4,8,4,1,2,3,542,1009,2
3,4,62820,1,52,2,4,5,7,2,1,1,43,392,610,1
4,6,73113,1,87,2,4,5,8,3,1,1,37,175,623,1
5,4,84169,1,10,2,8,7,7,4,1,2,15,308,996,3
1,5,42607,2,31,3,4,3,8,4,1,1,43,213,275,1
5,5,74637,1,74,2,7,10,10,4,1,1,43,385,918,2
5,6,46015,3,26,2,2,1,4,8,1,1,42,74,41,3
3,5,72354,1,68,2,3,11,7,2,1,1,4,415,752,1
4,5,39858,2,68,2,3,1,5,7,1,2,28,492,90,1
5,4,34469,3,59,4,2,2,5,5,1,1,49,53,57,1
3,6,83033,2,83,2,12,5,11,6,1,1,11,40,958,2
4,6,24401,1,99,4,7,2,7,9,1,1,18,631,349,1
3,4,77583,1,94,2,5,6,10,3,1,1,19,132,709,2
1,5,74116,1,54,2,5,5,11,3,1,1,15,171,1019,2
3,5,74293,1,67,2,6,5,7,3,1,1,4,53,696,1
5,4,68397,2,7,2,7,10,6,4,1,1,21,213,831,1
5,6,79632,1,43,2,7,5,10,3,1,1,23,79,689,1
3,5,46107,2,79,2,2,2,5,4,1,1,8,132,114,1
5,5,64950,2,30,3,12,3,11,8,1,1,46,650,602,2
2,4,25443,2,83,2,2,1,4,9,1,1,8,524,27,1
3,5,75127,1,93,2,3,12,6,2,1,1,45,38,532,1
5,6,32892,2,79,3,4,1,4,9,1,1,26,35,41,1
3,6,71796,1,55,2,10,4,5,5,1,1,26,234,597,1
5,4,67536,2,46,4,12,6,12,9,1,1,27,381,979,2
3,5,55239,2,60,4,8,6,12,6,1,1,26,332,507,1
5,3,60554,2,9,3,9,5,10,7,1,1,22,306,521,1
1,5,64831,3,52,9,7,4,6,7,1,1,45,364,692,1
5,6,56067,2,52,3,8,5,8,6,1,1,35,326,475,1
3,3,82025,1,77,2,4,3,7,2,1,2,14,375,732,2
3,6,94384,1,63,1,6,9,6,3,1,2,44,457,1047,4
2,5,14906,1,87,4,3,2,4,8,1,1,11,524,61,1
5,4,51563,1,61,2,5,5,11,9,1,1,10,602,764,3
1,4,57937,2,57,4,5,5,10,4,1,1,15,126,455,1
3,3,68274,3,84,3,5,3,6,4,1,1,18,257,248,1
3,6,39771,2,93,2,3,1,4,5,1,1,20,195,45,1
1,3,67893,2,32,3,4,3,10,9,1,1,22,602,621,1
5,6,27922,2,81,2,3,1,4,5,1,1,18,47,36,1
5,6,52190,3,40,4,3,2,4,6,1,1,21,49,72,2
4,3,44051,3,21,5,4,2,5,7,1,2,24,488,153,1
5,5,42767,3,54,2,4,2,3,9,1,1,26,392,120,1
4,6,46106,3,85,2,2,2,3,7,1,1,21,46,49,1
5,4,16927,3,51,6,4,1,5,9,1,1,21,478,48,1
3,4,59754,2,97,4,6,3,7,6,1,2,32,544,353,1
3,5,53700,2,95,5,6,6,9,6,1,1,45,645,464,1
3,4,59041,3,26,3,3,1,5,6,1,1,24,50,91,1
5,3,54237,2,49,5,6,3,6,7,1,1,40,406,282,1
3,3,70647,2,66,3,5,8,14,3,1,1,30,612,667,1
5,5,52597,2,70,4,7,4,9,6,1,1,35,50,407,1
4,6,41021,2,13,3,3,1,4,7,1,2,28,516,59,1
5,4,40233,2,85,6,3,2,6,7,1,1,22,244,136,1
3,4,50183,3,48,8,4,2,7,6,1,1,17,5,196,1
3,6,54753,2,88,4,6,3,12,5,1,1,38,274,478,1
3,4,92955,1,36,2,7,8,10,3,1,2,24,296,961,3
3,4,33471,2,48,4,4,1,5,8,1,1,24,593,88,1
5,4,34596,2,49,2,2,1,3,9,1,2,23,419,18,1
3,6,44010,2,47,7,11,3,7,10,1,1,17,592,447,1
3,4,84219,1,28,2,4,5,11,2,1,1,9,140,741,1
5,6,40706,4,38,5,4,1,5,8,1,1,29,498,76,1
1,4,15716,2,9,4,4,1,5,9,2,1,9,562,87,1
1,3,59052,2,30,4,8,2,8,6,1,1,38,213,361,1
4,6,80573,1,86,2,5,7,14,3,1,1,26,591,885,1
3,4,83715,1,3,2,3,9,14,1,1,1,35,139,581,1
4,6,82576,1,67,2,3,5,13,2,1,1,38,661,994,2
4,4,56962,4,61,8,7,4,6,8,1,1,32,247,313,1
3,4,35704,3,55,4,3,1,5,5,1,1,45,167,89,1
3,6,53103,2,71,6,11,7,8,8,1,1,43,274,671,2
1,7,46779,3,56,2,1,2,3,5,1,1,37,334,18,1
3,3,4861,1,21,1,1,1,1,13,1,1,32,8,2,1
4,3,33462,2,79,2,3,1,4,8,1,1,18,308,49,1
3,3,63693,2,64,4,12,7,10,7,1,1,19,244,710,1
3,4,80763,1,18,2,6,12,7,4,1,2,47,300,830,3
5,4,65352,2,44,3,5,3,9,5,1,1,23,294,308,1
5,4,82170,1,14,2,6,7,8,3,1,1,19,206,993,1
3,4,75759,1,47,2,10,8,10,6,1,2,28,233,1052,4
1,5,79689,1,66,2,5,10,14,3,1,1,21,391,790,1
5,7,35340,3,2,3,3,1,4,6,1,1,41,1,40,1
3,3,85683,1,7,2,3,5,11,2,1,2,43,97,964,5
1,4,24884,2,33,2,1,1,4,8,1,1,25,546,14,1
4,6,42021,2,35,6,11,2,7,10,1,1,16,631,402,2
3,5,64449,2,71,5,6,4,13,5,1,1,8,124,519,1
3,3,64587,3,50,3,2,2,5,4,1,1,43,8,101,1
3,5,34824,1,66,2,2,1,3,7,1,1,2,92,18,1
3,6,75437,1,26,2,9,5,11,7,1,1,19,219,860,2
3,6,26091,3,85,4,3,2,4,6,1,1,40,119,84,1
3,4,52845,2,8,4,9,9,7,7,1,1,24,302,586,2
3,3,46086,2,35,5,4,2,9,5,1,1,41,225,272,1
5,7,78028,2,39,2,7,5,10,8,1,2,41,621,382,3
5,5,95169,1,2,2,5,4,5,2,1,2,10,249,991,3
1,4,56337,3,26,6,9,6,5,9,1,2,16,435,474,3
3,6,22434,2,26,3,3,1,4,9,1,1,10,475,53,1
5,4,36930,2,51,6,6,3,5,9,1,1,43,386,242,1
3,5,36130,2,47,7,4,9,5,5,1,2,43,485,359,2
4,4,65569,2,97,3,7,6,11,4,1,1,44,569,545,1
3,6,83844,1,58,2,5,5,12,2,1,1,45,391,890,2
3,4,19514,3,48,5,4,2,3,9,1,1,29,147,64,2
5,5,36736,3,53,2,2,1,3,7,1,1,34,393,12,1
3,6,77568,2,31,2,11,3,9,6,1,1,18,637,1038,4
5,6,49187,2,64,2,2,2,6,3,1,1,21,160,106,1
3,5,30168,2,52,8,7,2,5,10,1,1,19,454,231,1
4,6,34053,2,15,2,4,1,4,9,1,1,29,621,98,1
4,4,38196,3,21,4,3,1,5,6,1,1,26,69,39,1
4,4,59412,1,57,2,5,3,9,4,1,1,46,68,309,1
1,4,70924,1,42,2,7,7,8,4,1,1,32,80,804,2
3,6,54165,1,73,2,3,2,8,3,1,1,28,375,200,1
3,4,32300,2,2,2,2,1,4,9,1,1,24,512,34,1
3,5,20180,1,28,2,3,2,5,8,1,1,21,468,125,1
3,4,34961,2,78,4,4,2,4,8,1,1,24,11,74,1
5,6,28440,2,88,2,3,1,4,9,1,1,23,338,58,1
5,6,64504,4,82,8,12,4,5,8,1,2,44,457,789,1
4,6,33564,2,52,2,2,2,4,6,1,1,31,6,66,1
3,4,17345,2,80,3,3,2,3,9,1,1,19,571,53,1
5,4,56320,2,12,4,6,5,10,5,1,1,30,424,465,1
3,5,28647,2,55,2,3,3,3,8,1,2,19,294,89,2
2,5,15038,2,94,3,3,2,3,10,1,1,10,488,75,1
5,3,32173,2,1,2,2,1,4,5,1,1,39,314,17,1
1,6,68316,2,55,6,11,8,11,7,1,1,33,570,745,1
3,6,74538,1,22,2,9,9,6,4,1,2,26,346,848,2
3,5,91700,1,59,2,9,7,6,4,1,2,26,498,1008,1
3,6,68695,1,4,2,5,5,8,3,1,1,28,5,675,1
1,4,31056,2,100,2,2,1,4,9,1,1,20,494,50,1
3,4,79593,1,71,2,6,7,8,3,1,1,24,45,807,2
3,5,28071,1,66,3,6,2,6,9,1,1,17,633,254,1
5,6,37334,3,45,5,4,1,5,5,1,1,39,118,57,1
4,5,46423,3,7,4,3,1,5,8,1,1,25,268,87,1
5,4,37126,2,10,2,2,3,3,7,1,2,26,88,67,2
3,4,47703,2,96,5,7,4,9,6,1,1,44,374,443,1
3,4,61180,2,71,3,6,6,7,4,1,1,38,64,466,2
3,4,38998,3,93,4,3,1,4,9,2,1,43,571,49,1
3,5,8028,1,63,15,1,2,1,15,1,1,6,615,160,1
3,6,76081,1,86,2,5,6,5,3,1,1,35,37,641,2
3,6,34728,2,3,2,2,2,3,7,1,2,11,316,31,1
4,5,33168,2,1,4,3,2,5,8,1,1,32,592,111,1
4,4,33585,2,92,2,3,1,5,5,1,1,31,261,111,1
5,4,77037,2,4,2,8,8,13,4,1,1,37,245,694,1
3,6,35196,2,69,7,7,2,6,9,1,2,13,561,367,1
3,4,44529,2,99,7,7,3,12,6,1,1,31,340,461,2
1,4,70924,1,42,2,7,7,8,4,1,1,32,80,804,2
5,6,28764,3,17,2,2,1,3,9,1,1,31,25,7,2
5,4,69098,1,83,2,8,9,10,6,1,1,48,472,1051,1
1,3,25959,3,2,3,2,3,3,7,1,2,27,474,51,1
4,4,27100,2,65,2,2,1,4,8,1,1,14,427,32,1
3,5,70596,1,69,2,4,6,13,3,1,1,12,599,604,1
3,4,42557,2,99,5,7,2,5,9,1,1,23,633,223,1
5,4,53312,1,33,2,6,2,6,8,1,1,46,306,230,1
3,5,72228,1,88,2,7,8,9,4,1,1,45,548,764,1
3,6,67605,1,85,2,3,9,7,2,1,1,10,431,588,1
4,4,62845,3,4,12,4,5,11,9,1,1,48,602,727,2
3,6,65196,3,35,3,8,7,12,6,1,1,39,321,713,2
5,5,42000,1,24,3,6,3,12,6,1,2,10,505,441,1
5,3,35860,3,38,3,2,2,3,6,1,1,24,39,44,2
5,4,65526,2,23,2,5,5,9,3,1,1,33,76,372,1
3,4,16860,3,20,4,2,2,4,8,1,1,36,619,33,1
3,5,83528,1,8,2,5,11,9,2,1,2,5,56,918,3
1,3,64176,2,53,9,9,10,9,7,1,1,32,659,977,1
3,3,22304,1,92,2,2,1,3,9,1,1,41,658,13,1
3,4,67023,1,94,2,4,8,14,3,2,1,19,112,570,1
5,6,32892,2,79,3,4,1,4,9,1,1,26,35,41,1
3,6,70713,2,24,7,6,7,9,4,1,1,31,542,853,1
3,6,59925,2,84,4,10,3,10,7,1,1,42,545,498,1
3,4,39722,2,93,3,3,1,4,6,1,1,44,120,42,1
3,6,46610,1,5,2,7,2,7,7,1,1,39,328,349,1
3,6,88347,1,33,2,5,8,10,2,1,1,36,342,1032,2
5,4,87171,1,28,2,7,8,12,3,1,1,16,402,785,3
1,6,26907,3,11,3,2,1,4,8,1,1,21,295,17,1
4,5,50014,2,10,3,5,2,9,6,1,1,29,151,302,1
5,4,41014,2,66,2,2,1,3,8,1,1,19,410,15,1
3,5,66294,1,69,2,5,4,6,3,1,1,32,101,603,1
3,4,36715,2,17,7,8,3,5,10,1,2,26,558,279,1
3,4,79456,1,13,2,6,7,5,4,1,2,41,640,828,1
3,6,40479,2,96,2,1,1,4,5,1,1,15,298,10,1
4,5,75345,1,17,2,6,9,7,4,1,2,27,485,1026,2
3,4,54233,2,47,5,12,7,6,9,1,1,20,483,612,1
3,5,24163,3,4,3,2,1,4,5,1,1,27,246,12,1
5,6,84460,1,81,1,10,10,5,6,1,2,39,511,378,5
3,6,43776,2,78,2,2,1,3,7,1,1,14,54,18,1
5,5,71691,1,1,2,5,8,6,3,1,2,39,101,737,1
5,4,85844,1,63,2,7,7,8,3,1,1,24,31,1007,2
5,5,39190,2,92,3,3,2,5,6,1,1,23,61,122,1
3,6,71367,1,25,2,5,6,8,3,1,1,38,292,505,1
5,5,38578,3,3,4,4,1,4,9,1,1,25,353,68,1
5,4,57236,3,23,4,3,2,5,4,1,1,32,104,110,1
3,5,61825,2,57,2,5,3,9,5,1,1,18,308,322,1
3,3,79803,2,55,2,5,4,6,2,1,1,39,28,549,1
1,5,80910,1,72,2,4,4,9,2,1,1,11,574,492,1
4,6,27590,2,39,2,2,1,3,8,1,1,15,409,7,1
3,4,56775,2,63,3,6,9,11,6,1,1,18,513,587,1
3,3,83829,1,79,1,5,8,7,2,1,2,22,250,983,4
1,4,54210,2,19,3,5,2,8,6,1,1,18,383,286,1
3,4,38508,2,96,7,8,3,6,9,1,1,11,313,335,1
3,6,53187,2,67,3,5,2,7,6,1,1,27,232,220,1
3,4,30023,2,29,2,3,1,4,9,1,1,25,94,56,1
5,5,76045,1,79,2,5,6,12,3,1,1,37,214,793,2
5,4,50870,2,14,2,3,1,4,6,1,1,45,11,58,1
1,4,15315,1,28,3,3,1,5,6,1,1,27,312,59,1
1,4,65463,2,18,3,7,3,10,6,1,1,23,143,397,2
3,4,66480,3,72,8,5,2,8,5,1,1,32,29,253,1
3,3,76773,1,80,2,3,3,12,2,1,1,43,464,714,1
1,5,81698,1,2,2,9,3,6,6,1,2,14,460,684,2
5,5,54466,3,79,2,2,1,3,6,1,1,24,133,11,1
4,5,98777,1,24,1,5,7,10,2,1,1,37,125,1012,2
5,5,16269,2,76,4,4,1,4,9,1,1,13,285,39,1
3,6,71819,2,71,4,4,4,6,7,1,1,26,287,890,3
5,4,33569,2,11,2,2,2,3,9,1,2,14,242,58,2
4,4,36262,1,25,2,4,6,4,7,1,2,14,266,324,2
2,6,22634,1,48,2,3,2,3,9,1,1,31,499,91,1
1,4,47025,2,99,6,12,2,7,10,1,1,19,274,434,1
3,5,70566,2,5,3,7,6,10,4,1,1,29,251,493,1
5,4,31605,2,16,3,3,2,5,8,1,1,18,553,114,1
4,3,52034,3,68,6,5,3,6,8,1,1,24,386,267,1
3,5,48526,2,33,2,3,2,5,4,1,1,18,177,124,1
3,4,46734,2,41,3,7,2,6,8,1,1,43,557,265,1
3,3,39552,3,55,8,7,3,6,9,1,2,35,528,295,1
3,5,86358,3,79,5,6,4,7,9,1,1,31,654,945,1
3,6,46931,4,95,3,2,2,4,4,1,1,20,63,73,1
2,5,16581,1,52,2,1,1,4,5,1,1,12,503,19,1
1,3,63998,1,43,2,8,7,12,5,1,2,45,181,721,1
4,4,67381,2,68,5,3,3,10,8,1,1,46,500,596,2
3,5,25930,3,88,2,2,1,3,8,1,1,30,248,10,1
3,4,42693,2,30,2,2,1,4,6,1,1,19,23,52,1
3,6,85606,2,90,3,7,8,10,4,1,1,21,562,1005,2
3,5,72903,1,75,2,8,6,9,5,1,2,12,229,1014,4
1,6,49669,2,98,3,6,2,7,7,1,1,23,36,264,1
5,4,36778,3,64,4,4,1,4,10,1,1,29,657,72,1
5,3,85696,1,89,2,5,7,10,2,1,2,35,400,788,1
4,3,10979,1,35,3,4,1,4,6,1,1,8,38,25,1
3,4,49678,2,82,3,7,3,5,8,1,1,36,485,255,1
4,6,56129,2,66,5,7,3,11,5,1,1,44,355,445,1
3,4,37155,2,52,2,3,1,5,6,1,1,8,487,69,1
1,3,21282,2,77,3,3,2,3,7,1,1,19,46,41,1
5,5,33419,2,77,3,3,1,5,8,1,1,35,298,81,1
3,7,63285,1,85,2,7,6,14,4,1,1,52,223,683,1
4,6,21255,2,57,5,3,2,5,5,1,1,23,152,56,1
3,6,42162,2,32,3,4,2,4,7,1,2,16,211,132,2
3,6,54450,3,1,13,10,3,9,9,1,1,41,618,456,1
5,4,57744,2,92,3,10,2,5,9,1,1,43,217,313,1
3,5,26576,2,41,2,2,1,3,10,1,2,11,592,22,2
5,7,57513,1,60,3,10,4,14,7,1,1,54,339,655,1
3,6,68142,2,97,4,11,5,8,7,1,1,33,633,847,1
3,4,7500,2,62,2,2,1,3,9,1,1,18,633,13,1
3,6,83145,1,15,2,6,10,12,3,1,2,23,611,980,2
4,4,54197,2,17,3,2,4,7,2,1,1,37,84,201,1
5,5,23091,3,99,5,3,2,4,8,1,1,34,32,43,1
3,4,46049,3,12,11,6,3,10,8,1,2,21,325,374,1
3,6,56715,1,53,2,8,4,5,5,1,1,23,540,634,1
3,4,79410,1,20,2,4,3,6,2,1,1,36,31,809,1
3,4,57304,2,62,3,8,7,11,6,1,1,46,450,637,1
3,4,44375,2,74,2,5,2,7,6,1,1,32,95,245,1
3,6,54450,3,1,13,10,3,9,9,1,1,41,618,456,1
3,4,59594,2,75,2,9,2,8,8,1,1,32,585,368,2
3,6,80685,1,56,2,7,5,11,3,1,1,3,640,625,1
5,4,40344,2,49,3,5,2,6,8,1,1,23,245,188,1
3,4,62710,2,54,5,5,3,13,5,1,1,25,380,421,1
1,4,48985,2,14,2,2,2,4,4,1,1,29,340,70,1
3,6,35322,4,35,4,3,1,5,9,1,1,29,640,99,1
3,4,77142,1,55,2,5,5,9,3,1,1,49,374,618,1
3,5,81657,1,70,2,4,5,9,2,1,1,28,151,679,1
2,4,14421,1,82,2,2,1,3,6,1,1,1,125,11,2
1,4,20130,1,100,2,2,1,4,9,1,1,23,101,29,1
5,4,74214,1,4,2,9,3,6,6,1,1,7,636,943,1
4,4,66726,3,62,4,9,3,5,8,1,1,40,159,332,2
2,6,23724,2,66,3,3,1,4,9,1,1,18,507,70,1
4,4,47353,2,94,4,3,3,7,6,1,1,37,216,194,1
4,4,33444,3,25,2,2,1,3,9,1,1,45,571,13,1
3,4,54386,2,9,3,4,3,11,4,1,1,16,386,351,1
3,3,28510,3,73,4,3,1,5,6,1,1,16,419,86,1
4,5,90638,1,30,2,4,5,11,2,1,1,6,129,1054,2
3,6,48070,2,34,4,9,3,7,8,2,1,47,502,371,1
3,4,43140,2,69,2,5,2,6,7,1,1,40,510,199,1
5,3,54959,2,56,4,10,6,5,8,1,2,36,497,756,2
2,5,15056,3,77,6,3,3,4,6,1,1,39,400,83,1
3,5,26954,2,18,2,2,1,3,8,1,1,26,49,12,1
3,5,22327,2,95,2,2,1,4,6,1,1,12,313,19,1
3,4,44393,3,87,3,2,1,5,5,1,1,32,293,55,1
5,5,62000,2,26,2,7,7,14,5,1,1,45,290,634,2
5,6,31497,2,23,3,4,2,5,9,1,1,35,539,140,1
1,4,45894,3,16,2,2,1,4,6,1,1,23,117,46,1
4,3,78579,1,36,2,6,7,5,4,1,2,27,524,971,1
4,7,67369,2,82,5,8,5,11,5,1,2,28,558,848,3
3,3,58401,2,56,2,2,3,3,5,1,1,37,67,91,1
3,5,62307,2,95,2,5,1,5,6,1,1,45,125,145,1
4,4,43641,3,51,4,3,2,5,7,1,1,28,410,127,1
4,3,63841,2,65,2,10,4,10,7,1,1,29,411,572,1
1,4,46891,2,92,2,3,2,5,5,1,1,32,283,163,1
4,4,70091,2,12,3,6,3,11,9,1,1,28,431,718,2
5,4,78075,1,73,2,4,6,6,2,1,1,25,82,616,1
1,7,59184,2,7,4,7,7,13,6,1,1,36,622,663,1
3,4,54809,3,1,5,3,2,6,5,1,1,20,275,156,1
3,4,58113,2,67,4,10,3,9,8,2,1,38,491,494,1
4,4,51412,2,43,3,4,3,5,5,1,1,39,170,174,1
3,3,15287,2,61,3,2,2,3,8,1,2,18,595,26,2
4,6,66636,1,65,2,4,5,10,2,1,1,40,298,670,1
4,4,50965,2,88,4,11,5,6,9,1,1,41,468,457,2
5,4,84618,1,97,2,7,10,11,3,1,1,32,208,925,2
3,4,18351,1,2,2,3,1,4,8,1,1,7,229,38,1
5,6,40451,3,55,2,2,2,3,6,1,1,40,126,44,2
3,6,36317,2,54,3,4,1,5,8,1,1,32,381,122,1
3,6,42213,2,97,3,6,2,8,8,1,1,40,246,284,2
3,6,65748,2,59,3,3,5,11,2,2,1,42,417,390,1
3,6,77044,2,13,3,8,12,12,5,1,1,25,231,658,2
3,6,74918,1,79,2,6,10,7,4,1,1,28,449,1018,2
3,4,56721,3,65,6,5,2,6,7,1,1,25,574,241,1
3,5,42160,3,27,5,3,2,5,7,1,2,22,347,128,1
3,5,61559,2,9,2,5,3,11,4,1,1,32,329,384,1
5,6,33629,3,50,6,4,2,5,10,1,1,34,654,138,1
5,6,68682,1,57,2,5,10,11,3,1,1,6,251,900,1
3,5,34377,2,56,3,3,3,3,8,1,1,34,497,104,1
2,5,8940,2,26,4,4,2,4,9,1,1,11,640,96,1
3,4,26228,2,51,2,2,1,3,9,1,1,24,264,20,1
1,3,77297,1,85,2,6,8,10,5,1,1,40,490,509,2
3,4,40211,3,31,3,3,2,3,9,1,1,16,316,82,2
5,7,33438,3,82,5,3,2,5,6,1,1,39,264,85,1
5,4,75032,2,75,3,6,5,10,4,1,1,38,405,747,1
5,5,61284,1,77,2,12,3,9,7,1,1,42,246,521,2
3,4,22518,2,37,3,3,2,3,6,1,2,11,583,56,2
4,4,54730,2,65,6,5,2,9,5,1,1,22,300,308,1
4,4,38452,3,63,4,4,1,4,8,1,1,42,88,67,1
3,3,44421,3,54,6,6,1,5,9,1,1,26,473,169,1
5,6,38197,2,87,2,2,1,4,6,1,1,11,346,35,1
3,3,41986,2,16,4,4,1,5,5,1,1,19,133,58,1
3,6,28427,2,68,3,3,1,4,9,1,1,14,441,47,1
5,6,37395,2,48,2,2,1,4,7,1,1,21,55,34,1
3,4,64722,2,48,5,9,3,12,7,1,1,26,34,519,1
4,6,55249,2,82,2,3,2,5,4,1,1,41,70,119,1
3,6,84906,1,99,2,6,7,13,3,1,1,25,253,912,4
3,4,28691,2,57,2,2,1,4,9,1,1,8,341,29,1
3,5,44213,3,49,5,3,2,6,7,1,1,45,202,138,1
2,5,25707,2,19,2,2,1,4,8,1,1,13,154,16,1
5,4,59062,4,75,3,3,1,4,5,1,1,30,254,66,1
3,5,76624,2,69,2,6,11,8,2,1,1,35,36,564,2
4,6,66000,1,37,2,2,4,6,2,1,1,50,67,469,1
5,6,27683,2,91,5,7,3,5,9,1,1,19,658,276,1
3,3,1730,1,66,15,1,1,1,16,1,1,26,40,3,1
2,5,7500,2,64,5,4,3,3,10,1,1,5,542,108,1
3,6,40521,3,83,2,1,2,3,6,1,1,29,427,16,1
5,6,20427,2,64,2,2,1,3,9,1,1,24,94,5,1
3,4,65106,2,56,4,9,4,14,7,1,1,22,36,608,2
5,4,69969,1,65,2,5,3,7,4,1,2,32,288,879,3
3,4,67433,3,52,5,7,6,14,5,1,1,45,330,619,2
5,4,77766,2,98,3,12,11,12,7,1,2,30,466,876,2
3,4,74716,2,93,3,8,4,6,5,1,1,25,274,546,1
3,3,68118,2,52,3,9,10,5,7,1,1,34,240,582,1
5,4,55158,3,73,5,8,3,6,8,1,2,27,663,319,1
1,4,62972,2,40,3,8,5,4,7,1,2,42,659,410,1
3,4,74190,2,50,3,5,3,12,3,1,1,22,45,439,1
3,4,39356,3,22,2,2,1,3,7,1,1,21,99,18,2
3,6,76653,1,92,2,5,8,12,3,1,1,28,299,1045,3
5,3,35860,3,38,3,2,2,3,6,1,1,24,39,44,2
5,3,90687,1,99,2,7,3,9,3,1,2,14,381,962,2
4,6,73450,1,86,2,8,9,12,4,1,1,15,196,969,3
3,4,31454,3,41,4,3,1,4,9,1,1,37,339,43,1
3,5,47139,3,3,3,3,2,3,8,1,2,45,110,78,1
3,3,83829,1,79,1,5,8,7,2,1,2,22,250,983,4
5,4,53378,3,42,11,10,5,7,9,1,2,34,609,511,1
3,6,19656,2,95,4,3,2,4,8,1,1,27,480,79,1
5,4,45579,2,11,2,5,2,5,7,1,1,49,295,163,1
1,5,85485,1,74,2,7,7,7,3,1,1,39,9,820,1
3,4,55956,1,23,3,8,4,5,5,1,1,53,80,622,2
4,5,64191,2,31,4,6,4,14,4,1,1,34,494,530,1
3,5,38808,2,22,5,6,2,5,9,1,2,25,636,206,2
4,4,57183,3,52,9,10,2,8,9,1,1,31,443,423,1
4,3,23748,2,98,4,3,2,4,9,1,1,29,554,71,1
3,4,66303,2,57,5,4,5,12,9,1,1,26,463,779,2
4,4,37368,2,5,2,2,1,3,7,1,1,22,185,25,2
3,4,40800,4,78,3,4,1,4,8,2,1,33,514,94,1
3,3,71847,1,96,1,7,8,10,4,1,1,19,612,737,2
3,4,46149,2,37,6,6,2,8,6,1,1,22,202,283,1
3,6,78687,1,14,2,5,7,9,3,1,2,14,653,1035,2
1,3,49118,1,91,3,10,8,11,8,1,2,26,644,753,3
5,4,37633,3,50,3,2,1,4,10,1,1,40,613,33,1
4,6,39767,1,19,3,8,2,8,9,1,1,46,325,357,1
2,4,26997,1,90,3,5,3,6,8,1,1,46,569,329,1
3,3,33986,2,44,2,2,1,4,8,1,1,27,448,39,1
5,4,57091,2,83,3,10,3,6,8,1,2,25,552,366,2
1,4,46831,3,85,3,2,3,3,5,1,1,28,366,73,1
4,4,83151,1,81,2,6,8,11,3,1,2,25,478,1048,4
3,4,52531,1,69,3,8,3,11,7,1,1,26,516,512,1
3,4,15759,1,13,2,2,1,3,8,1,1,41,280,12,1
3,5,22804,2,76,2,3,1,3,10,1,1,26,315,21,1
1,4,43050,2,11,3,3,1,5,6,1,1,24,100,71,1
5,5,42997,3,92,2,2,1,3,8,1,1,20,194,10,1
5,5,48918,3,22,3,2,1,5,5,1,1,34,75,57,1
4,6,60033,2,29,3,3,2,6,3,1,1,43,89,175,1
5,6,34043,2,98,2,3,1,3,10,1,1,19,233,44,1
3,6,57811,2,50,6,8,3,12,6,1,1,31,351,518,2
3,4,78569,1,15,2,5,7,5,2,1,2,51,123,951,2
3,5,7500,3,6,5,3,2,4,7,1,1,19,519,52,1
4,6,157733,2,38,1,2,1,2,2,1,1,26,368,54,1
3,6,94384,1,63,1,6,9,6,3,1,2,44,457,1047,4
1,4,23148,1,84,2,3,1,4,8,1,1,12,124,32,1
3,3,44267,3,49,6,6,3,5,10,1,1,27,464,251,1
3,4,71626,1,95,2,6,6,9,4,1,1,18,573,786,2
3,6,60894,2,62,6,11,4,9,8,1,1,31,347,531,1
3,6,50200,3,71,7,8,2,6,9,1,1,21,428,306,1
5,4,81051,1,44,2,6,6,13,3,1,1,32,37,863,3
3,4,65169,1,24,2,11,5,14,7,1,2,15,157,734,5
3,6,59868,2,38,8,12,3,13,7,1,1,25,324,739,1
5,4,65695,2,51,3,6,5,11,5,1,1,37,142,444,1
4,5,64857,1,79,2,8,6,11,5,1,1,41,552,881,1
4,6,45143,2,75,4,7,2,6,8,1,1,32,289,252,1
1,6,74805,2,15,6,5,8,11,3,1,1,42,222,528,1
1,4,59060,2,78,4,4,2,8,5,1,1,8,160,227,1
5,5,27238,3,40,4,4,1,4,10,1,1,35,412,52,1
3,6,47009,2,90,5,4,3,9,5,1,1,32,256,339,1
1,4,46094,3,63,2,2,1,4,8,1,1,24,20,39,1
3,4,40321,3,60,3,4,1,4,8,1,1,25,317,97,1
3,6,37235,2,69,2,2,2,3,5,1,1,13,141,56,1
4,4,81843,1,14,2,6,10,13,4,1,1,37,410,916,1
4,6,46692,2,38,4,7,2,6,7,1,1,39,367,303,1
3,6,77382,2,37,3,6,8,13,2,1,1,29,163,693,2
3,5,37774,3,29,5,8,3,4,10,2,2,20,628,352,2
2,4,18393,2,3,3,4,1,4,9,1,1,23,89,45,1
4,4,72828,2,18,7,7,4,14,8,1,1,35,474,929,1
3,4,24711,1,87,2,4,1,4,8,1,1,15,69,53,1
5,4,45503,2,55,2,4,2,5,6,1,1,22,261,152,1
4,5,6560,1,3,1,2,1,2,14,1,1,15,189,291,1
5,6,71604,1,4,2,9,4,6,5,1,2,52,213,740,2
3,4,27244,2,85,3,3,3,3,8,1,1,18,109,96,1
3,4,48752,3,9,6,7,2,6,10,1,2,28,533,256,1
3,4,71434,2,5,4,8,5,8,5,1,1,35,268,827,3
3,5,90842,1,58,2,5,10,14,2,1,1,49,317,833,1
4,4,88097,2,25,2,7,6,9,10,1,2,19,644,539,4
3,4,51948,2,52,3,6,3,5,6,1,1,22,269,252,1
3,6,71853,1,30,2,3,9,7,2,1,1,15,395,709,1
4,4,35876,1,14,2,4,2,4,7,1,1,14,67,118,1
3,7,40049,2,24,2,2,1,4,7,1,1,45,242,27,1
3,5,39660,2,37,4,8,2,4,10,1,2,15,654,243,1
3,6,50127,2,89,2,6,2,7,7,1,1,35,31,260,2
4,4,43263,2,3,4,6,3,7,6,1,1,20,554,333,1
4,4,62845,3,4,12,4,5,11,9,1,2,48,602,727,2
3,4,18929,1,16,2,2,1,5,7,1,1,7,472,80,1
2,5,24367,2,59,2,2,1,3,10,1,1,15,442,19,1
3,5,33249,2,12,3,3,2,4,7,1,1,22,468,103,1
1,4,26887,2,28,2,2,1,4,7,1,1,38,478,25,1
5,4,50150,1,33,3,6,3,8,6,1,1,14,355,312,1
3,6,62061,2,13,4,11,5,8,7,1,1,21,284,516,2
5,3,85696,1,89,2,5,7,10,2,1,2,35,400,788,1
5,6,76542,1,92,2,5,9,11,3,1,1,41,432,857,1
3,5,70515,1,13,2,7,7,5,3,1,2,4,237,766,1
3,6,18227,2,22,2,1,2,3,9,1,1,10,566,23,1
3,4,69139,2,24,2,5,2,6,5,1,1,32,146,195,1
3,4,69109,1,11,2,7,7,8,5,1,2,15,565,883,2
3,5,69627,2,36,3,9,3,12,6,1,1,35,445,547,1
3,4,38136,2,70,3,4,2,3,9,1,1,19,410,98,2
5,5,62159,1,69,2,7,3,11,5,1,1,51,59,433,1
3,5,80695,1,86,2,6,9,6,3,1,1,34,172,995,1
4,5,33316,3,35,4,3,2,5,7,1,1,26,253,120,1
3,6,58554,3,56,7,9,3,7,8,1,1,29,607,409,1
2,4,17256,2,11,3,3,2,3,9,1,1,5,207,57,2
3,3,53034,3,31,9,7,2,8,9,1,1,23,373,338,1
1,6,52203,1,37,2,9,8,12,7,1,1,47,662,589,1
1,3,59601,2,15,5,3,3,8,9,1,1,20,321,514,2
4,5,75154,2,80,2,7,4,7,4,1,2,39,627,705,1
3,5,47025,2,53,4,7,4,6,7,1,1,21,221,316,1
3,4,37971,2,98,2,2,1,4,9,1,1,24,206,25,1
4,3,41335,2,25,4,5,2,5,8,1,1,29,175,167,1
3,4,67267,2,1,2,4,3,6,3,1,1,39,44,207,1
3,5,57338,2,97,3,5,2,6,6,1,1,22,58,201,1
1,6,50523,3,90,3,3,1,5,7,1,1,37,176,86,1
4,5,35791,4,95,3,2,1,4,9,1,1,32,397,30,1
5,3,50611,2,99,7,5,6,8,7,1,1,37,600,363,2
5,4,56242,2,73,6,9,5,12,7,1,1,28,458,606,1
3,5,48904,2,2,5,8,3,5,9,1,1,37,543,289,1
3,5,56243,4,27,7,5,3,9,6,1,1,22,171,302,1
3,4,21355,2,6,3,3,2,3,7,1,2,12,295,63,2
4,6,57420,2,23,4,6,2,7,8,1,1,26,350,261,2
4,6,51381.5,2,40,3,5,3,7,6,1,1,27,430,257,1
4,3,46390,2,57,2,5,3,4,8,1,1,42,52,191,1
1,6,54342,3,75,5,4,2,5,7,1,1,41,342,159,1
3,6,51381.5,3,88,2,2,1,4,6,1,1,39,628,40,1
1,5,51381.5,3,50,2,2,1,3,8,1,1,33,159,16,1
3,4,20895,2,25,2,3,1,4,10,1,1,24,598,40,1
3,4,92344,1,10,1,6,11,6,2,1,1,49,156,990,3
5,6,51381.5,2,18,2,2,1,4,8,1,1,25,114,37,1
1,6,26907,3,11,3,2,1,4,8,1,1,21,295,17,1
3,6,44964,3,36,2,2,1,4,9,1,1,17,530,36,1
3,6,75507,1,57,2,9,7,7,4,1,1,18,55,839,1
4,4,53761,3,8,7,5,5,4,6,1,1,25,247,263,1
3,6,22682,2,52,4,3,2,5,5,1,1,24,254,90,1
5,6,38887,2,18,2,2,1,4,8,1,1,25,114,37,1
1,5,41658,3,31,3,2,2,3,5,1,1,22,565,67,1
5,4,29791,2,22,3,3,1,4,6,1,1,25,43,15,1
4,4,63915,3,3,3,7,4,13,6,1,1,41,316,509,1
3,3,39996,3,86,2,2,1,3,7,1,1,23,38,10,1
3,3,26759,2,66,3,3,2,4,7,1,1,25,135,54,1
4,3,63841,2,65,2,10,4,10,7,1,1,29,411,572,1
5,4,51039,3,12,3,7,3,5,8,1,1,28,535,318,1
3,4,60544,3,93,5,6,2,6,7,1,1,36,637,236,1
3,4,65685,2,55,2,10,3,10,6,1,1,25,89,500,1
3,4,37716,2,5,3,5,2,4,8,1,1,44,66,168,1
3,5,36864,2,54,4,6,3,5,9,1,2,40,649,278,1
4,4,44511,2,40,7,9,5,9,9,1,1,27,593,477,1
5,4,36947,3,50,5,4,1,5,10,1,1,30,655,133,1
4,6,47352,2,71,5,7,2,6,8,1,1,46,421,259,1
4,4,67087,2,41,3,8,6,9,5,1,1,44,184,512,1
3,4,57045,2,41,4,5,3,10,4,1,1,47,623,342,1
5,3,36957,3,44,5,4,3,3,10,1,2,44,625,138,1
5,4,69389,2,18,2,8,3,13,5,1,1,20,605,514,1
3,4,80134,2,41,3,6,4,7,7,1,2,25,383,936,4
4,4,43142,3,85,2,2,1,3,8,1,1,28,124,15,1
3,4,80589,1,26,2,6,11,6,2,1,2,53,151,835,2
3,5,34412,2,63,4,6,1,4,10,1,1,7,475,181,1
3,5,57537,2,84,5,5,4,9,5,1,1,18,364,390,1
2,6,22634,1,48,2,3,2,3,9,1,1,31,499,91,1
3,6,51315,1,46,2,3,3,6,3,1,1,49,121,191,1
3,4,36026,4,35,3,3,1,4,7,1,1,25,102,56,1
3,4,24639,3,4,4,3,1,5,7,1,1,24,145,39,1
5,6,34578,4,2,2,2,1,3,7,1,1,25,76,3,1
1,5,65704,1,19,2,3,11,11,2,1,1,25,245,525,1
3,5,63810,2,46,5,5,4,13,9,1,1,31,563,810,2
5,6,54132,2,82,2,2,1,4,8,1,1,28,126,37,1
3,4,18690,1,78,2,2,2,3,9,1,1,38,518,55,1
3,4,28164,2,24,4,3,1,5,8,1,1,27,399,73,1
5,4,34596,2,49,2,2,1,3,9,1,1,23,419,18,1
5,4,43269,2,62,2,2,1,3,9,1,1,25,270,14,1
1,5,38741,3,61,3,3,1,4,8,1,1,39,88,56,1
3,5,31907,1,76,2,7,2,7,8,1,1,25,457,340,1
4,4,27100,2,65,2,2,1,4,8,1,1,14,427,32,1
1,3,31163,2,55,2,2,1,4,7,1,1,24,129,33,1
3,4,92533,1,85,2,7,6,12,3,1,1,12,182,699,3
3,5,34853,3,76,3,3,1,4,7,1,1,24,178,29,1
3,3,70844,3,17,6,7,2,6,8,1,1,30,228,240,1
1,4,31086,3,80,3,2,2,3,9,1,1,18,399,43,2
3,4,60544,3,93,5,6,2,6,7,1,1,36,637,236,1
1,6,20491,1,17,2,1,2,3,8,1,1,11,491,25,1
3,4,42523,1,97,2,2,2,5,3,1,1,33,64,114,1
3,4,39922,2,31,3,4,1,5,9,1,1,14,474,141,1
3,6,33402,3,61,4,3,2,4,9,1,1,45,328,65,1
4,4,36408,3,12,2,2,1,3,7,1,1,48,265,17,1
3,6,21645,2,76,4,4,1,4,10,1,2,18,628,60,1
4,7,78427,1,37,4,4,8,11,4,1,2,49,581,1000,2
3,6,82657,1,72,2,8,6,11,5,1,1,51,259,1046,3
3,4,51876,1,89,2,3,3,9,2,1,1,39,243,251,1
1,4,78041,1,94,2,5,5,10,3,1,1,26,530,792,1
3,4,52852,2,94,5,11,8,6,9,1,1,40,544,555,2
5,6,70038,1,55,2,5,5,9,3,1,1,15,233,762,1
1,6,69401,2,42,5,5,5,6,3,1,1,24,95,460,1
3,6,46053,2,47,4,4,3,5,6,1,1,25,471,181,1
3,4,77343,1,29,2,4,5,10,2,1,1,32,21,700,1
3,5,73892,1,41,2,4,12,9,2,1,2,44,216,866,1
5,5,40304,2,83,2,3,1,4,8,1,1,30,257,52,1
5,6,32727,1,39,3,8,4,6,9,1,1,32,634,383,1
3,6,68695,1,4,2,5,5,8,3,1,1,28,5,675,1
3,3,43300,2,88,4,5,1,5,9,1,2,26,592,161,1
3,6,26290,3,50,5,3,1,5,7,1,1,25,503,72,1
3,5,93790,1,17,1,7,8,13,3,1,2,27,130,1049,4
5,4,38410,1,66,3,6,3,10,7,1,2,23,618,385,1
4,7,64866,2,10,5,8,4,8,6,1,1,47,147,393,2
3,6,57957,2,25,8,5,7,9,4,2,1,38,296,436,1
5,6,46015,3,26,2,2,1,4,8,1,1,42,74,41,3
3,6,16531,2,44,4,4,1,4,8,1,1,19,12,39,1
4,4,28072,2,11,2,2,1,4,8,1,1,11,337,42,1
4,3,49476,2,30,5,3,12,6,3,1,1,34,355,513,1
3,4,50725,2,46,5,9,2,9,9,1,1,44,475,409,1
3,6,83844,1,58,2,5,5,12,2,1,1,45,391,890,2
5,4,41145,3,21,2,1,1,4,4,1,1,47,134,8,1
3,6,67419,2,30,5,10,5,9,6,1,1,27,499,850,1
1,4,23162,3,83,4,2,2,4,7,1,1,27,180,60,1
3,4,34380,2,69,5,5,2,4,9,1,1,20,401,157,1
3,5,34704,2,66,2,2,1,4,6,1,1,31,406,35,1
5,4,94871,3,100,2,9,6,5,8,1,2,28,630,666,3
3,4,65148,2,10,3,7,7,8,5,1,1,39,559,690,1
3,6,39898,2,21,3,4,1,5,8,1,1,43,476,123,1
4,5,64857,1,79,2,8,6,11,5,1,1,41,552,881,1
5,4,59892,2,27,2,3,2,4,4,1,1,27,226,82,1
4,5,41020,1,69,2,4,3,5,4,1,1,10,230,187,1
5,4,57072,2,80,3,8,6,14,6,1,1,36,149,642,2
3,5,60474,2,26,8,11,3,13,8,1,1,18,430,729,1
3,6,62807,2,84,4,6,4,13,6,1,1,37,631,527,1
1,6,19414,2,33,2,2,1,4,9,1,1,16,242,27,1
3,4,19107,2,50,3,2,1,4,8,1,1,17,293,41,1
1,6,75484,2,51,3,8,4,7,5,1,1,21,660,717,1
4,5,70379,2,85,4,7,4,14,5,1,1,21,458,546,1
4,6,79419,1,97,2,5,7,5,3,1,1,27,8,912,1
5,6,64014,4,57,8,9,3,6,8,1,1,51,20,336,2
3,4,76998,2,86,3,12,9,9,7,1,1,42,504,994,2
4,6,49854,2,64,6,7,3,6,7,1,1,25,218,293,1
5,4,60585,3,18,11,8,5,10,6,1,2,26,351,486,1
5,3,42873,3,12,5,7,2,5,9,1,1,47,495,222,1
3,6,87679,1,63,2,8,12,11,5,1,2,9,319,1053,4
3,6,57867,2,49,8,8,3,10,7,1,1,19,256,425,1
3,4,35765,2,87,3,3,1,5,7,1,1,7,190,70,1
3,4,65492,1,74,3,5,8,14,3,1,1,38,147,649,1
3,3,32952,2,37,2,3,1,4,8,1,1,20,200,50,1
5,6,53374,2,35,7,5,3,10,10,1,2,28,646,657,2
3,6,71706,2,17,5,10,6,8,6,1,1,38,561,841,1
3,4,68487,1,49,2,10,8,14,5,1,1,9,502,807,1
4,6,53253,3,62,8,5,4,6,6,1,1,22,477,330,1
1,3,31163,2,55,2,2,1,4,7,1,1,24,129,33,1
3,4,42014,2,57,7,8,2,7,9,1,2,20,645,330,1
4,4,54108,3,75,14,9,3,10,9,1,1,24,569,489,1
5,5,49667,1,36,3,6,11,6,9,1,2,42,642,826,2
4,4,63206,1,66,2,5,4,7,3,1,1,23,98,582,2
4,4,57136,3,49,10,6,3,11,7,1,1,25,336,440,1
1,6,46772,2,89,7,12,9,6,9,1,1,22,567,651,2
5,4,78931,1,20,2,3,9,14,2,1,1,26,233,591,1
3,6,53977,2,22,6,6,6,13,6,1,1,39,366,571,1
3,4,84219,1,28,2,4,5,11,2,1,1,9,140,741,1
4,5,46098,3,87,5,4,3,3,9,1,1,22,644,109,1
3,4,73538,2,93,4,11,5,10,8,1,1,32,550,921,1
3,4,79529,1,2,2,5,9,10,3,1,1,11,60,915,1
1,6,20981,1,15,2,4,2,3,9,1,2,20,403,68,1
3,5,51766,2,75,3,5,3,5,6,1,1,17,105,228,1
3,4,55759,2,85,6,11,4,9,9,1,1,35,547,543,1
3,4,33039,2,5,2,3,1,5,6,1,1,19,277,73,1
4,4,37787,2,51,2,4,1,4,9,1,1,25,266,99,1
3,5,27242,2,3,3,3,1,4,10,1,2,27,563,99,1
5,5,87188,1,74,2,11,3,7,4,1,2,14,369,998,1
3,6,69930,1,22,2,5,6,13,4,1,1,26,377,922,1
3,5,37697,2,83,2,3,2,4,7,1,1,21,135,79,1
5,4,37401,2,15,3,3,1,4,8,1,1,24,51,43,1
3,5,3502,2,57,1,1,1,1,13,1,1,24,419,1,1
3,4,58597,3,21,13,8,5,10,8,1,1,21,555,483,1
5,7,82032,1,55,1,5,7,8,2,1,1,49,82,757,1
3,6,28087,3,78,4,3,3,3,8,1,1,39,534,103,1
5,5,74004,1,6,2,5,7,5,4,1,2,10,120,921,3
3,6,19740,2,66,3,2,2,4,6,1,1,37,438,50,1
1,4,57036,2,34,5,7,4,14,10,1,1,22,534,870,2
1,6,53083,3,66,7,6,2,6,8,1,1,39,388,224,2
5,4,69283,2,42,5,8,4,14,6,1,1,22,16,569,1
4,5,46098,3,87,5,4,3,3,9,1,2,22,644,109,1
1,4,23331,2,93,3,4,1,4,9,1,1,9,627,98,1
1,5,23331,2,98,7,6,2,6,10,1,1,9,599,222,1
3,5,9255,2,92,2,2,2,3,9,1,1,8,181,17,1
5,7,67786,1,1,2,4,7,7,2,1,2,38,194,714,1
5,4,71969,2,60,4,4,5,10,9,1,1,26,589,672,2
4,5,59235,2,5,4,12,3,13,8,1,1,30,503,697,1
3,6,31928,2,6,3,4,1,5,8,1,1,8,90,67,1
4,6,74881,3,49,5,10,3,13,6,1,1,36,453,600,1
3,4,65819,1,100,2,6,5,11,4,1,1,19,546,820,1
5,5,51411,4,82,2,1,1,4,6,1,1,44,377,13,1
3,3,51983,2,96,4,10,3,11,8,1,1,33,631,511,1
4,6,42386,2,44,2,4,1,4,9,1,1,11,502,95,1
1,4,30390,1,6,2,3,1,4,7,1,1,10,282,75,1
3,5,30983,1,51,2,5,1,4,9,1,2,34,565,150,1
3,7,66033,2,77,3,9,4,8,8,1,1,40,496,451,1
1,4,37284,3,47,2,1,1,4,7,1,1,22,433,18,1
4,3,57530,2,69,2,2,2,5,2,1,1,46,246,87,1
1,4,76800,1,34,2,5,5,8,2,1,1,32,108,439,1
3,4,63943,2,51,2,7,5,7,6,1,1,41,629,686,1
3,6,76081,1,86,2,5,6,5,3,1,1,35,37,641,2
3,4,67445,2,64,6,10,7,13,7,1,1,23,650,725,1
4,4,37054,3,90,3,2,1,4,8,1,1,30,271,20,1
4,6,47175,3,82,8,5,3,5,9,1,2,35,577,202,2
3,3,31859,2,78,2,2,1,3,8,1,1,21,360,15,1
3,3,27215,4,51,5,3,2,5,7,1,1,36,493,97,1
5,3,70179,2,11,4,8,4,14,6,1,1,21,325,642,1
3,4,39922,2,31,3,4,1,5,9,1,1,14,474,141,1
4,4,49681,3,67,7,8,2,8,8,1,1,21,224,344,1
3,4,24645,2,17,2,2,1,3,9,1,1,9,573,12,1
3,3,79865,2,13,2,6,11,6,2,1,1,43,12,510,1
3,4,44322,2,31,3,4,1,4,9,1,1,12,14,87,1
3,5,47958,2,9,3,7,4,6,6,1,1,45,497,310,1
4,5,63972,2,94,5,6,5,11,5,1,1,33,543,770,2
3,6,75315,2,15,3,6,5,13,3,1,1,43,72,537,1
5,4,55517,3,54,6,12,2,7,10,1,2,47,606,432,1
5,4,75283,4,27,12,7,4,6,5,1,1,40,435,633,1
5,5,82800,1,24,2,8,7,13,4,1,2,51,551,790,3
3,4,38998,3,93,4,3,1,4,9,2,1,43,571,49,1
4,5,90638,1,30,2,4,5,11,2,1,2,6,129,1054,2
4,4,27161,2,42,2,2,1,4,8,1,1,11,230,47,1
3,4,42014,2,57,7,8,2,7,9,1,2,20,645,330,1
5,6,38201,2,20,5,6,2,6,9,1,1,37,433,221,1
3,6,45203,3,5,2,4,2,4,7,1,2,15,95,134,1
5,6,81574,1,90,2,5,6,9,2,1,1,50,59,968,3
3,4,34935,1,72,2,3,2,5,8,1,1,5,354,125,1
4,5,60482,2,82,2,8,3,8,8,1,1,21,493,373,1
3,6,34633,4,32,2,2,1,3,7,1,1,41,150,10,1
4,6,78093,1,54,2,5,8,6,2,1,1,50,190,685,1
3,3,82460,1,79,2,6,4,7,2,1,1,47,199,609,1
4,6,45903,2,81,3,3,2,4,5,1,1,31,64,61,1
3,3,81361,1,19,2,4,11,14,2,1,2,10,119,506,1
5,3,35860,3,38,3,2,2,3,6,1,2,24,39,44,2
4,6,40442,3,53,5,4,2,5,8,1,2,45,643,151,1
3,4,61482,1,40,2,4,3,7,3,1,1,32,3,243,1
3,4,34968,2,12,8,4,3,6,8,1,1,17,422,190,1
3,4,75794,1,34,2,8,6,13,4,1,1,10,177,932,2
5,6,31497,2,23,3,4,2,5,9,1,1,35,539,140,1
3,4,74268,1,84,2,5,4,6,3,1,1,42,474,560,1
2,6,13724,2,44,2,3,1,3,10,1,1,9,631,53,2
4,6,45143,2,75,4,7,2,6,8,1,1,32,289,252,1
5,5,52569,2,55,2,3,1,5,4,1,1,30,82,90,1
5,5,48432,2,4,6,8,2,7,9,1,2,24,587,322,1
4,6,17144,3,97,6,4,1,5,8,1,1,37,127,42,1
3,5,36108,2,69,4,8,2,5,10,1,1,13,243,270,2
3,4,76445,2,3,2,3,6,14,7,1,1,26,605,829,1
5,4,36663,2,41,2,2,2,4,3,1,1,22,62,30,1
4,4,53843,2,65,5,9,6,4,8,1,1,32,348,397,1
4,4,90226,1,27,2,5,8,13,3,1,1,41,607,1050,2
4,3,70638,1,70,2,5,6,11,4,1,1,42,371,796,2
3,6,44512,3,58,3,2,1,4,5,1,1,37,285,27,1
3,4,27116,3,79,3,3,1,4,8,1,1,36,114,36,1
5,4,54072,3,72,2,3,1,3,9,1,1,34,319,34,1
3,4,71855,2,60,5,6,6,12,4,1,1,20,499,704,1
1,5,51250,2,29,6,11,6,5,10,1,1,7,432,468,2
4,4,60432,2,62,6,8,3,6,7,1,1,24,107,306,1
5,4,65526,2,23,2,5,5,9,3,1,1,33,76,372,1
3,5,68655,1,96,2,5,6,12,4,1,1,9,652,880,1
1,4,12393,1,39,2,3,1,4,10,1,1,19,541,52,1
3,5,64509,1,20,2,7,4,10,5,1,2,7,298,945,2
3,5,33955,2,93,5,6,2,6,9,1,1,22,306,223,1
3,4,31353,3,25,3,2,2,3,9,1,2,20,172,26,1
3,4,55434,2,22,4,6,4,14,5,1,1,13,252,556,1
3,6,28359,2,36,2,2,1,3,8,1,1,14,231,11,1
3,5,57100,2,10,3,4,3,8,4,1,1,10,40,252,1
3,4,69139,2,24,2,5,2,6,5,1,1,32,146,195,1
4,4,52973,2,93,8,10,7,10,9,1,1,41,566,712,1
5,6,51717,2,56,2,4,1,5,8,1,1,32,295,111,2
3,4,18793,2,15,4,3,1,5,9,1,1,26,503,72,1
1,6,66664,1,79,2,6,8,7,4,1,1,15,608,781,1
3,5,50664,3,65,10,9,2,7,10,1,1,38,499,396,1
3,6,54414,3,50,5,4,2,6,5,1,1,34,493,183,1
5,4,54549,2,9,3,6,2,5,8,1,1,45,113,198,1
5,7,47111,2,36,7,4,3,11,10,1,1,26,623,676,1
5,3,41003,1,12,2,7,3,9,7,1,1,34,445,417,1
3,6,19444,2,9,4,5,2,3,8,1,2,15,122,49,1
1,6,36301,2,54,2,4,1,4,8,1,1,21,233,73,1
5,6,73059,2,37,2,10,4,14,5,1,1,50,284,678,1
5,6,42731,2,65,4,5,2,6,6,1,1,28,237,205,1
5,4,52854,3,44,3,3,2,5,6,1,1,38,94,106,1
3,6,22775,2,41,2,2,1,3,9,1,1,19,356,10,1
5,6,46681,3,53,3,5,7,5,6,1,1,49,250,323,1
5,4,59821,2,12,7,12,3,8,9,1,1,42,420,484,1
3,3,50002,2,22,3,9,3,8,8,1,1,43,358,437,1
3,4,69755,1,24,2,4,7,13,2,1,1,52,255,562,1
3,4,44078,3,18,3,3,1,4,6,1,1,28,11,36,1
4,6,30560,2,7,2,2,1,4,8,1,1,21,348,26,1
4,6,35924,3,57,2,2,1,4,6,1,1,28,95,29,1
5,3,64140,3,72,6,3,6,7,6,1,2,33,263,954,4
3,6,56386,3,52,9,10,2,8,10,1,1,16,578,425,1
2,6,24594,2,95,2,2,1,4,6,1,1,18,191,24,1
1,6,75774,2,28,2,8,6,9,5,1,1,16,55,529,1
4,3,39228,1,2,2,1,1,4,5,1,1,37,393,15,1
4,4,58494,2,57,3,7,3,7,7,1,1,23,189,302,1
3,5,58684,1,72,2,6,4,13,3,1,1,16,14,522,2
3,3,57136,1,19,2,8,6,8,7,1,2,30,385,728,1
5,7,56551,3,49,4,3,2,5,5,1,1,47,50,126,1
3,4,22448,2,87,4,3,2,4,4,1,1,15,118,50,1
3,5,82014,1,49,2,4,7,13,7,1,2,36,642,868,1
3,7,34213,3,3,4,4,2,3,10,1,2,34,624,107,1
3,6,157146,1,14,1,1,14,1,2,1,1,20,404,948,1
5,7,25358,2,58,3,2,1,4,7,1,1,50,324,27,1
4,5,35544,2,78,2,3,1,4,8,1,1,19,108,62,1
4,6,36634,2,1,4,6,3,6,8,1,1,43,375,269,1
5,4,62670,2,58,2,6,4,14,4,1,1,43,140,530,1
1,6,50334,2,25,7,8,5,7,7,1,1,25,322,464,1
3,5,72066,1,56,2,5,7,7,3,1,2,16,7,965,3
5,5,50729,3,63,10,7,3,8,7,1,1,39,401,366,1
3,6,34916,3,90,5,6,2,4,10,1,1,29,388,196,1
3,3,64892,2,78,3,7,5,13,5,1,1,21,31,567,1
3,5,43602,3,46,4,4,2,3,7,1,1,31,161,63,1
5,5,33996,1,47,2,2,2,4,5,1,1,8,275,66,1
1,5,41473,2,81,2,3,1,4,8,1,1,12,356,71,1
5,4,63246,3,61,2,7,4,13,5,1,1,30,295,502,1
5,4,36732,3,72,4,2,2,5,3,1,1,38,172,42,1
5,4,69084,2,44,3,8,4,14,9,1,1,27,211,895,1
5,4,77766,2,98,3,12,11,12,7,1,2,30,466,876,2
5,5,37929,1,50,3,5,3,6,8,1,2,12,316,218,3
3,6,86610,1,67,2,6,7,7,3,1,1,46,280,902,1
4,4,80141,1,21,2,8,5,11,7,1,2,11,504,1029,2
1,4,72635,1,55,2,7,9,7,4,1,1,42,369,612,2
3,4,69016,2,62,5,9,10,14,6,1,1,27,553,878,1
1,6,20193,1,19,2,2,2,5,5,1,1,6,547,77,1
3,4,27573,2,46,5,6,2,5,9,1,1,22,437,205,1
2,5,15862,2,27,2,2,1,4,9,1,1,18,348,31,1
5,4,49544,2,1,3,6,2,9,8,1,1,21,476,307,1
3,4,33228,2,29,2,3,1,4,8,1,1,17,150,66,1
3,6,70440,1,50,2,6,11,8,4,1,1,19,250,888,2
3,6,38232,3,85,5,4,2,4,6,1,1,26,155,111,1
5,4,22554,3,39,5,3,1,5,6,1,1,42,571,36,1
5,4,23536,2,54,2,1,1,4,4,1,1,14,26,5,1
3,4,49413,2,89,3,5,3,6,6,1,1,45,233,247,1
3,4,42231,3,100,2,2,1,4,6,1,1,28,93,32,1
4,3,78789,1,13,2,5,7,6,3,1,2,17,654,956,1
3,6,56534,2,36,5,11,5,8,9,1,2,29,323,523,3
3,5,58350,2,6,5,9,4,13,7,1,1,26,511,623,1
3,5,81217,1,78,2,4,8,12,2,1,1,8,327,715,1
3,5,49090,2,46,4,8,3,10,8,1,1,46,327,458,1
4,3,61787,1,72,2,9,5,7,6,1,1,10,339,792,1
5,4,18169,2,41,2,2,1,3,9,1,1,12,469,16,1
1,5,24336,2,83,2,2,1,3,8,1,1,16,635,26,1
3,4,18222,1,71,2,3,1,4,9,1,1,7,515,62,1
3,3,62335,2,88,3,4,4,14,3,1,1,45,380,467,1
1,6,42033,3,96,2,2,1,3,8,1,1,26,614,20,1
5,4,86580,1,73,1,5,3,6,2,1,1,14,462,488,2
5,3,41437,3,6,2,2,1,4,8,1,1,40,611,27,1
4,7,73705,3,87,3,10,7,9,6,1,1,46,111,939,1
3,4,61064,2,81,6,9,5,12,7,1,1,21,631,668,1
4,4,38452,3,63,4,4,1,4,8,1,1,42,88,67,1
3,5,18358,2,50,4,4,1,5,8,1,1,8,210,52,1
5,6,55012,2,86,7,9,3,10,6,1,1,24,97,445,1
2,6,9722,2,8,5,4,2,4,9,1,2,24,601,98,1
5,4,38175,2,7,4,4,2,5,8,1,1,13,263,139,1
4,6,58656,2,26,5,8,9,14,7,1,1,41,613,750,2
3,6,52117,2,56,3,6,3,5,8,1,1,32,646,231,1
3,4,64813,2,82,2,8,3,11,6,1,1,19,168,487,1
5,4,54222,2,99,2,4,4,6,4,1,1,24,115,217,1
3,4,83512,1,32,2,5,8,11,2,1,2,11,13,1037,5
4,4,77520,2,31,2,9,8,8,5,1,2,38,287,874,4
3,6,41154,2,99,2,2,1,5,6,1,1,19,423,64,1
3,4,80398,1,93,2,6,9,13,4,1,1,31,564,899,2
2,5,18746,2,42,3,4,1,4,7,1,1,5,31,59,1
3,6,35196,2,69,7,7,2,6,9,1,1,13,561,367,1
3,5,60230,2,79,3,7,4,7,6,1,1,41,383,660,1
3,4,22108,3,47,3,3,1,4,8,1,1,20,49,26,1
3,6,44392,3,72,6,5,2,5,8,1,1,23,280,183,1
5,4,55424,2,7,5,8,6,10,7,1,2,21,550,554,2
3,4,17688,2,83,2,2,1,3,9,2,1,18,502,6,1
5,4,92491,1,72,2,8,6,13,4,1,2,14,402,1016,4
3,5,90273,1,33,2,6,7,8,3,1,2,6,187,1010,4
5,7,82571,1,29,1,7,6,14,3,1,1,35,85,934,2
5,5,38513,2,21,6,7,2,6,9,1,2,15,145,262,1
4,5,16653,2,11,4,3,2,4,7,1,2,18,69,64,1
3,6,42586,3,8,6,5,2,7,9,1,2,42,576,208,1
2,5,23529,2,68,2,2,2,3,7,1,1,32,508,49,1
4,6,74881,3,49,5,10,3,13,6,1,1,36,453,600,1
3,4,71107,2,62,3,8,7,14,5,1,1,46,471,794,1
5,6,46910,3,37,3,3,1,4,7,1,1,33,95,63,1
3,4,18690,1,78,2,2,2,3,9,1,1,38,518,55,1
3,3,37244,3,91,2,2,2,3,8,1,1,42,406,50,2
3,6,82427,1,36,2,4,6,13,2,1,1,31,104,846,2
1,5,75342,2,39,2,6,3,11,5,1,1,39,397,398,1
3,3,70044,2,47,5,8,11,6,6,1,1,43,470,865,1
3,5,79146,3,34,3,9,2,9,7,1,1,30,63,399,1
3,4,77437,1,71,2,5,6,14,2,1,1,34,205,695,2
3,4,54984,2,52,5,7,2,7,8,1,1,38,36,280,2
5,4,42403,2,19,2,2,1,4,9,1,1,26,190,37,1
3,6,55761,2,98,3,5,2,4,7,1,1,33,63,164,2
3,6,37292,2,33,6,7,4,6,9,1,1,14,414,346,1
5,5,45576,1,10,2,4,2,4,9,1,2,52,32,132,1
3,6,70321,1,7,2,7,6,14,5,1,2,50,499,813,1
5,3,58086,2,81,3,12,4,8,9,1,1,28,496,510,1
3,4,81795,1,75,2,5,12,8,3,1,1,45,579,819,1
2,6,28389,1,50,2,2,1,3,8,1,1,50,555,23,1
4,4,66835,1,22,2,7,5,14,3,1,1,51,258,641,1
3,3,69901,2,96,4,8,4,11,6,1,1,28,374,556,1
5,4,80360,1,57,3,5,5,6,3,1,1,48,458,1042,4
5,6,63342,2,49,4,9,4,6,7,1,2,36,589,681,2
3,4,44989,2,27,6,6,2,6,7,1,1,23,619,288,1
1,5,31859,2,4,2,2,1,4,8,1,1,17,117,43,1
5,7,51569,2,40,5,8,2,8,9,1,2,48,476,349,2
3,7,30372,3,34,4,3,1,4,8,1,1,26,521,39,1
2,5,16014,3,43,5,2,2,5,4,1,1,18,445,33,1
3,4,41120,3,81,4,3,2,4,7,1,1,29,222,76,1
4,5,39763,2,10,3,6,2,3,10,1,2,26,311,150,1
5,4,38725,3,53,3,2,1,5,5,1,1,42,47,40,1
3,4,77981,2,79,4,8,5,8,6,1,1,25,377,449,1
1,4,62905,2,69,4,8,3,9,5,1,1,33,276,428,1
1,3,13533,2,46,3,3,1,4,8,1,1,18,451,43,1
3,6,59481,2,48,3,4,4,9,3,1,1,22,235,347,1
3,4,72117,2,35,2,10,8,10,6,1,1,20,295,664,1
1,4,21955,2,82,3,3,2,4,7,1,1,11,278,50,1
3,4,67131,2,73,4,10,3,13,7,1,1,41,436,610,1
5,5,36802,2,24,2,2,1,4,6,1,1,17,14,15,1
3,6,71853,1,30,2,3,9,7,2,1,1,15,395,709,1
2,4,28249,1,81,2,3,1,4,7,1,1,36,15,38,1
4,4,47808,2,31,3,4,3,4,8,1,1,22,238,193,2
5,3,25509,2,16,4,4,1,4,10,1,2,23,615,96,1
5,4,51012,1,87,2,5,2,5,7,1,1,51,414,181,1
3,5,70596,1,69,2,4,6,13,3,1,1,12,599,604,1
5,6,85431,1,55,2,3,8,8,1,1,1,45,366,719,1
3,4,42664,2,45,2,2,1,4,7,1,1,30,100,19,1
3,6,42586,3,8,6,5,2,7,9,1,2,42,576,208,1
3,5,29760,2,88,5,4,2,5,9,1,1,12,633,149,1
5,4,28973,1,60,3,6,2,6,9,1,1,20,592,222,1
5,6,39435,2,17,2,4,2,3,8,1,1,24,309,97,1
1,4,65370,1,2,2,3,4,14,2,1,1,13,314,347,1
2,5,20194,2,65,3,3,1,4,7,1,1,18,529,42,1
5,5,42473,3,73,4,3,2,5,6,1,1,21,125,131,1
3,4,64590,1,99,2,10,5,11,7,1,1,29,591,799,1
3,6,71232,2,92,3,12,3,11,8,1,1,38,203,579,1
3,6,34600,3,9,6,6,3,6,9,1,2,26,514,258,1
3,5,46904,3,21,5,6,2,5,9,1,1,30,571,209,1
3,4,49094,2,7,6,7,4,7,7,1,1,24,612,370,1
3,6,36075,2,55,2,3,1,5,7,1,1,14,192,108,1
1,6,60839,3,73,14,3,3,13,9,1,1,18,634,764,1
3,6,77298,2,47,2,7,7,12,4,1,1,18,226,605,1
3,6,34026,3,12,4,3,2,4,6,1,1,47,310,71,1
5,5,48918,3,22,3,2,1,5,5,1,1,34,75,57,1
1,6,82122,1,90,2,4,10,14,2,1,1,35,300,819,2
3,5,37697,2,83,2,3,2,4,7,1,1,21,135,79,1
3,6,34074,3,70,6,4,4,4,7,1,1,45,333,211,2
4,4,28520,3,56,2,2,2,3,7,1,1,37,360,38,1
3,5,62535,2,14,2,4,3,9,4,1,1,42,254,304,1
4,5,36273,2,81,3,4,1,4,7,1,1,20,71,71,1
3,6,63404,3,98,3,7,4,5,5,1,1,33,24,567,2
1,6,75774,2,28,2,8,6,9,5,1,1,16,55,529,1
3,6,78416,2,100,3,8,8,11,4,1,1,21,3,728,1
3,6,75702,2,88,2,11,6,14,7,1,1,23,591,997,2
4,6,59385,3,86,3,4,2,5,6,1,1,46,405,165,1
3,5,37070,3,31,10,6,2,9,8,1,2,31,442,328,1
3,4,44689,3,83,3,2,2,3,8,1,1,46,161,29,2
3,6,53977,2,22,6,6,6,13,6,1,1,39,366,571,1
5,5,7144,3,93,1,13,2,2,1,1,1,31,194,317,1
3,5,18701,3,96,5,3,1,5,6,1,1,33,368,39,1
3,4,90369,1,3,2,5,7,7,2,1,2,41,59,897,1
5,5,63159,1,75,2,4,6,9,4,1,1,23,569,967,2
3,6,37758,3,50,3,2,1,4,9,1,1,31,600,35,1
5,5,46757,2,72,7,5,5,8,10,1,1,34,559,705,1
4,4,79734,1,73,2,5,4,7,2,1,1,28,2,576,2
3,6,63207,1,69,2,3,4,7,8,1,1,5,496,864,2
3,3,72071,2,5,4,6,5,9,3,1,1,43,474,799,1
5,6,21840,2,81,2,2,1,4,10,1,1,14,325,22,1
1,6,58582,2,16,3,10,3,10,6,1,1,15,258,496,2
3,5,72282,1,71,2,6,8,10,8,1,2,46,327,795,1
3,4,50387,3,92,4,7,3,9,6,1,1,41,284,379,1
5,6,32583,3,11,2,2,1,3,8,1,1,36,15,4,1
3,6,62568,2,100,4,6,4,6,5,1,1,35,80,595,2
4,3,44635,3,26,3,3,1,4,8,1,1,26,247,63,1
4,5,33316,3,35,4,3,2,5,7,1,1,26,253,120,1
3,4,63967,2,58,4,5,5,13,3,1,1,29,306,556,1
1,6,52513,1,85,3,10,6,10,8,1,1,19,627,709,1
3,4,25293,2,52,2,2,2,3,9,1,1,28,271,32,1
5,7,54111,2,98,3,6,3,7,6,1,1,32,290,297,1
3,6,78394,1,14,2,5,7,6,3,1,2,11,473,835,1
4,4,80739,1,93,2,4,12,10,2,1,1,39,380,913,1
4,6,22669,2,31,4,5,2,3,10,1,2,22,381,155,1
3,5,29236,2,31,3,5,1,4,10,1,1,10,250,94,1
3,6,44911,2,12,4,5,2,5,8,1,1,38,447,185,1
5,4,54693,2,73,9,7,5,14,7,1,1,35,471,583,1
3,6,48186,2,40,4,5,2,5,8,1,1,23,98,189,1
3,4,54809,3,1,5,3,2,6,5,1,2,20,275,156,1
3,6,41580,3,16,4,3,2,4,6,1,1,19,535,87,1
5,4,80336,1,13,2,3,10,14,2,1,1,27,277,653,1
3,4,47743,2,57,4,5,2,7,7,1,1,40,440,228,2
1,4,62972,2,40,3,8,5,4,7,1,1,42,659,410,1
5,3,57333,2,56,12,9,6,10,7,1,2,43,611,922,1
5,6,32313,2,61,4,5,1,5,10,1,1,15,477,144,1
4,7,84953,1,74,2,4,11,5,3,1,2,44,369,636,4
4,3,27071,2,91,3,3,1,4,7,1,1,29,64,30,1
4,6,68148,1,87,2,5,5,7,3,1,1,40,284,646,1
4,6,65735,3,38,6,7,3,7,8,1,1,32,194,301,1
5,4,86836,1,8,2,7,11,7,6,1,2,22,619,394,4
5,4,4023,3,30,15,1,1,1,15,1,1,34,7,4,1
3,4,30093,1,20,2,3,1,4,8,1,1,7,337,64,1
5,4,57705,2,15,4,9,2,7,7,1,1,31,160,358,1
3,5,25008,2,73,3,2,1,4,9,1,1,9,140,29,1
1,5,83257,1,57,2,6,11,13,7,2,2,2,615,806,3
3,6,22280,2,86,2,2,1,3,9,1,1,22,384,8,1
5,4,72159,1,63,2,5,7,11,3,1,1,19,576,828,1
3,6,64260,1,2,2,5,6,5,4,1,2,36,504,890,1
5,5,82733,1,29,2,9,5,8,5,1,2,13,276,793,1
4,3,74290,2,71,5,11,9,11,7,1,1,26,303,749,3
4,5,58217,4,85,2,3,1,5,7,1,1,46,558,98,1
4,6,21024,1,90,2,3,1,5,8,1,1,21,341,79,1
5,4,70116,1,74,2,3,9,13,2,1,1,25,490,879,1
3,6,54006,2,43,3,9,2,8,8,1,1,12,615,408,1
5,4,69063,2,17,2,6,4,6,4,1,1,31,567,582,1
1,3,11448,1,17,2,2,1,3,7,1,1,22,186,9,1
3,5,61825,2,57,2,5,3,9,5,1,1,18,308,322,1
3,4,70886,2,66,2,6,5,5,3,1,1,26,244,597,1
3,4,69109,1,11,2,7,7,8,5,1,2,15,565,883,2
3,7,60208,3,14,12,9,4,8,8,1,2,24,597,444,2
4,6,32889,3,79,4,3,2,4,6,1,1,29,279,50,1
3,5,34738,2,52,2,2,1,4,7,1,1,13,46,15,1
4,6,30538,2,28,5,10,1,5,11,1,1,26,602,286,1
1,6,82326,1,31,2,6,11,7,3,1,2,20,106,1044,4
5,3,26642,2,72,3,3,1,4,7,1,1,30,115,37,1
3,3,69932,2,98,3,8,7,12,5,1,1,33,362,652,1
3,5,44503,3,84,3,3,1,4,7,1,1,25,71,43,1
5,5,60200,2,4,7,7,3,12,7,1,1,49,513,457,1
3,3,49638,2,72,2,2,1,4,3,1,1,45,68,34,1
1,5,23830,1,4,2,2,1,4,8,1,1,10,135,38,1
4,7,33051,1,16,4,10,2,9,10,1,2,38,646,534,1
3,4,72905,1,53,2,4,8,10,2,1,1,39,152,871,2
5,6,69702,2,9,3,8,8,11,5,1,1,46,469,644,1
3,3,70300,2,90,4,6,6,14,9,1,1,22,331,898,1
5,4,70643,1,67,2,6,9,5,7,1,2,13,590,978,1
5,4,30396,2,23,3,2,2,3,8,1,2,28,57,29,2
5,3,50616,2,57,3,5,1,5,8,1,1,29,69,136,1
4,5,62772,2,75,2,6,7,12,3,1,1,28,384,593,2
5,5,30298,1,49,2,2,2,4,4,1,1,12,39,23,1
3,5,52413,2,68,3,8,2,8,8,1,1,13,571,341,1
5,4,44155,3,25,2,2,2,3,5,1,1,40,153,41,1
5,3,86979,1,68,2,6,6,6,3,1,2,26,221,941,2
3,6,76532,3,39,5,10,6,8,6,1,1,22,277,528,1
3,4,42081,2,87,3,7,4,5,7,1,1,15,463,294,2
5,4,67546,1,91,2,5,11,6,4,1,1,9,631,1034,1
4,6,88420,1,88,2,5,8,9,2,1,1,8,55,1022,4
3,4,31158,2,63,3,3,1,4,9,1,1,12,489,67,1
3,3,61671,2,24,9,11,5,7,9,1,1,29,27,482,3
3,5,69719,1,100,2,3,4,6,2,1,1,23,34,517,1
3,3,49160,2,30,3,4,2,7,7,1,1,48,238,200,1
2,6,24882,2,53,2,2,2,3,7,1,1,19,622,75,2
5,5,90933,1,91,2,5,7,5,2,1,1,43,87,933,2
5,5,113734,1,10,1,15,1,1,2,1,1,52,32,229,1
5,6,59292,2,72,3,4,6,9,4,1,1,47,361,373,1
5,4,45759,3,14,3,3,1,4,8,1,1,33,465,63,1
3,5,22148,1,17,2,2,1,4,8,1,1,14,74,44,1
4,4,73395,1,95,2,5,5,7,3,1,1,10,100,303,1
3,3,29819,2,78,4,4,1,4,7,1,1,26,234,34,1
3,4,45688,2,21,3,4,2,9,5,1,1,29,148,249,2
3,4,62820,1,52,2,4,5,7,2,1,1,43,392,610,1
5,4,60491,2,82,5,7,12,8,6,1,1,26,279,639,1
3,6,33235,2,72,2,4,1,4,8,1,1,11,137,65,1
3,4,35701,1,37,2,2,1,4,7,1,1,38,443,41,1
4,4,31535,2,96,2,2,2,3,8,1,1,17,260,46,2
1,6,92556,1,33,1,4,6,14,1,1,1,37,67,768,1
3,5,67384,2,33,3,8,9,6,6,1,1,27,564,859,2
4,6,80573,1,86,2,5,7,14,3,1,1,26,591,885,1
3,4,77870,2,94,4,6,6,6,9,1,2,30,640,972,3
5,7,52278,2,25,7,11,6,11,9,1,1,34,491,741,1
3,5,57107,2,45,8,5,5,9,9,1,2,29,638,317,3
3,4,18929,1,16,2,2,1,5,7,1,1,7,472,80,1
5,5,36038,2,83,3,4,1,4,7,1,1,16,372,42,1
3,5,20180,1,28,2,3,2,5,8,1,1,21,468,125,1
5,6,34230,3,73,2,2,1,3,8,1,1,32,520,16,1
1,5,31878,2,8,2,2,1,5,4,1,1,20,8,65,1
1,4,70932,2,58,3,7,3,13,4,1,1,25,153,573,1
3,5,91249,1,85,1,8,10,7,5,1,2,41,585,927,5
4,5,77598,1,54,2,8,6,14,4,1,1,54,256,950,2
3,5,80982,3,49,4,12,6,12,6,2,1,38,507,736,1
4,4,22701,2,3,2,2,1,4,6,1,1,20,280,19,1
5,4,55212,2,66,4,5,3,12,9,1,1,28,552,730,3
3,4,70617,1,46,2,4,4,8,3,1,1,27,352,775,1
3,5,64849,1,43,2,10,4,7,6,1,2,40,561,798,1
4,4,62694,3,30,6,10,4,8,8,1,1,32,358,490,1
5,4,61917,3,84,2,3,1,5,6,1,1,23,210,86,1
5,4,67472,2,94,3,5,3,8,4,1,1,50,258,315,1
4,4,21059,2,41,4,4,1,4,7,1,1,15,163,39,1
4,4,29543,3,48,3,4,2,3,8,1,1,29,86,58,1
3,4,75903,2,51,3,7,7,10,4,1,1,46,424,566,1
1,6,34984,3,41,3,2,1,4,8,1,1,22,625,33,1
5,5,54998,2,4,6,5,3,10,5,1,2,41,451,343,1
5,7,54356,2,63,4,12,3,9,9,1,2,48,556,503,1
4,4,34242,2,26,2,1,1,4,6,1,1,38,95,10,1
3,4,25410,2,49,2,2,1,5,5,1,1,24,284,33,1
5,4,73356,1,57,2,6,12,6,3,1,2,13,136,869,4
3,6,28320,2,69,2,2,1,4,9,1,1,47,501,38,1
3,5,23763,2,65,2,2,1,4,8,1,1,20,655,37,1
3,4,72570,1,68,2,5,7,13,2,1,1,13,62,674,1
4,4,34529,2,95,3,3,3,4,8,1,1,21,618,147,1
3,7,70792,1,83,3,4,5,11,4,1,1,46,482,772,1
3,4,63211,1,4,3,4,9,8,3,1,2,15,572,724,1
4,4,83891,2,25,2,5,8,11,2,1,1,23,10,524,1
3,5,36065,3,55,4,4,1,4,9,1,1,29,431,69,1
3,6,39898,2,21,3,4,1,5,8,1,1,43,476,123,1
5,5,51141,1,97,2,4,2,5,6,1,1,56,337,142,1
3,4,56939,2,20,3,4,4,11,4,1,1,21,268,396,1
3,5,80872,1,61,2,5,5,11,2,1,1,46,45,798,1
5,6,72335,1,3,2,11,5,9,9,1,2,21,649,1030,1
5,5,61798,1,14,2,5,3,10,5,1,1,33,207,348,1
5,7,76842,1,38,2,2,9,8,1,1,1,47,54,698,1
3,6,29478,2,60,2,2,1,4,7,1,1,21,155,15,1
3,5,46998,2,56,6,6,4,6,8,1,1,41,583,292,2
3,5,96843,1,61,2,7,12,11,3,1,2,7,409,882,2
5,7,56551,3,49,4,3,2,5,5,1,1,47,50,126,1
4,4,70053,2,39,4,9,6,11,6,1,1,32,342,630,1
5,7,71670,1,9,2,6,4,7,7,1,2,35,336,959,4
3,4,44359,3,20,4,3,1,5,4,1,1,19,13,40,1
3,5,40887,3,33,4,4,2,4,10,1,2,45,397,146,1
3,3,48877,2,28,2,4,1,5,8,1,1,31,165,131,1
3,6,74485,1,59,2,7,8,13,4,1,1,50,291,949,1
3,6,64474,2,60,3,9,3,11,6,1,1,25,236,529,1
3,6,77226,2,30,3,7,9,13,4,1,1,34,116,702,1
3,7,72643,1,61,2,4,11,8,3,1,2,48,462,836,2
4,6,85738,1,42,2,4,7,12,2,1,1,19,150,810,3
3,3,55686,2,28,3,7,4,6,5,1,1,31,474,613,2
3,5,39062,2,29,2,2,1,4,5,1,1,14,93,39,2
3,6,34600,3,9,6,6,3,6,9,1,2,26,514,258,1
3,4,40794,2,19,3,7,4,6,8,1,1,22,425,329,1
1,4,54690,3,77,4,4,2,6,4,1,1,26,221,175,1
3,4,4428,2,1,1,14,1,1,2,1,1,28,252,281,1
1,4,32632,1,33,3,5,5,9,6,1,1,34,660,405,1
5,5,38236,3,3,5,4,1,5,8,1,1,29,266,83,1
3,4,36781,2,17,2,3,2,3,9,1,2,18,77,58,1
4,5,31385,2,57,2,2,1,3,9,1,2,13,540,22,2
3,4,24570,2,98,4,5,1,5,10,1,1,13,462,172,1
5,3,25509,2,16,4,4,1,4,10,1,2,23,615,96,1
3,4,94642,1,36,1,6,8,10,2,1,1,46,130,1040,3
4,4,58646,2,4,2,3,2,5,5,1,1,35,364,128,1
3,5,53201,3,50,9,7,4,6,8,1,1,22,476,316,1
3,6,21994,2,5,2,1,1,4,6,1,1,40,522,17,1
3,4,57113,3,46,7,5,2,6,8,1,1,19,482,216,1
3,4,51373,1,38,2,4,6,4,5,1,1,6,353,300,1
3,4,23477,2,40,4,4,1,5,9,1,1,11,237,134,1
3,4,58116,2,39,3,4,4,9,3,1,1,41,74,335,1
5,3,72968,1,9,2,6,6,9,4,1,2,34,185,1007,2
4,4,39791,2,90,3,4,2,5,8,1,1,26,434,156,1
4,5,91712,1,48,1,10,8,12,4,1,2,50,241,1041,2
3,5,94472,2,76,2,6,6,6,6,1,1,39,84,937,3
3,6,13672,3,87,3,2,1,4,9,1,1,37,415,20,1
1,4,96547,1,5,1,8,7,9,3,1,2,17,37,520,4
3,4,79205,1,74,2,7,6,5,5,1,2,22,633,563,2
5,6,56559,2,47,4,5,4,9,5,1,1,22,521,356,1
5,4,32644,2,39,5,8,2,7,9,1,1,24,499,314,2
1,5,67506,2,74,2,5,2,7,4,1,1,17,168,266,1
3,5,24206,2,67,2,2,1,4,7,1,1,27,453,20,1
5,3,28420,2,37,2,2,1,3,7,1,1,30,177,8,1
3,4,22979,2,30,4,4,3,3,9,1,2,27,625,105,1
3,5,33279,1,30,2,1,1,4,4,1,1,31,18,11,1
4,5,46423,3,7,4,3,1,5,8,1,1,25,268,87,1
3,4,30368,2,98,3,3,1,4,9,1,1,20,221,47,1
3,4,63684,2,62,4,9,5,9,6,1,1,27,549,849,1
3,3,41638,2,69,5,6,6,4,9,1,1,33,475,333,2
5,3,68805,2,74,2,4,2,8,3,1,1,38,269,233,1
5,6,65814,2,91,4,9,3,11,6,1,1,31,114,489,1
3,3,71964,1,82,2,6,7,6,4,1,1,39,383,986,1
3,5,39146,2,2,4,5,1,5,9,1,1,11,474,149,1
3,6,96876,1,80,2,8,8,10,3,1,2,20,309,1003,4
2,4,34445,1,93,7,12,3,9,10,1,1,16,489,536,1
3,5,68281,1,32,2,3,10,14,6,1,2,39,655,920,1
1,4,37284,3,47,2,1,1,4,7,1,1,22,433,18,1
3,4,36790,1,15,2,3,2,3,10,1,2,14,460,61,1
3,6,27943,3,90,4,3,1,4,9,1,1,30,417,32,1
3,3,22263,3,32,3,2,1,4,7,2,1,46,88,16,1
3,6,30261,4,76,2,1,1,4,9,1,1,25,608,17,1
3,6,28587,2,43,4,3,1,5,7,1,1,19,130,73,1
4,4,43815,2,54,2,3,1,4,7,1,1,15,427,74,1
3,4,48195,3,54,7,5,3,6,7,1,1,41,152,218,1
4,4,77027,2,24,3,9,4,7,5,1,1,45,137,726,1
5,4,71322,2,58,3,9,6,14,5,1,1,32,472,786,1
4,4,32765,2,50,3,3,1,5,6,1,1,18,121,41,1
3,6,29672,3,7,2,1,1,4,7,1,1,32,449,20,1
3,3,23272,1,30,2,2,1,4,5,1,1,44,241,41,1
4,6,49912,2,6,5,11,6,8,9,1,2,48,624,553,2
1,6,7500,2,99,5,3,2,4,10,1,1,12,661,95,1
5,7,68117,2,81,3,12,9,5,7,1,2,50,451,584,2
3,4,67225,2,5,4,8,3,12,6,1,1,42,205,549,1
3,4,17649,2,71,4,4,1,4,9,1,1,21,217,40,1
3,6,55914,2,33,5,12,7,9,8,1,1,22,404,767,1
3,4,40059,2,83,2,7,3,4,9,1,1,13,258,315,2
3,6,60905,2,28,3,4,4,8,3,1,1,47,196,299,1
3,4,75330,3,95,5,11,4,13,7,1,1,20,600,687,1
3,5,60689,2,24,5,5,5,11,4,1,1,46,371,438,1
3,4,38680,2,98,2,3,1,4,8,1,1,13,434,74,1
3,6,61416,1,26,2,11,4,11,7,1,1,15,480,923,2
3,5,49767,1,93,2,6,5,9,5,1,1,6,401,462,1
3,5,83273,4,99,11,5,7,10,8,1,1,27,608,824,1
3,4,29009,2,20,3,3,1,4,7,1,1,16,202,39,1
4,4,45057,2,81,2,3,1,4,6,1,1,18,200,45,1
3,4,37150,2,81,9,5,4,7,8,1,1,26,620,349,1
3,5,43020,2,80,4,5,2,5,7,1,1,27,201,192,1
3,4,53154,2,51,2,4,2,5,5,1,1,38,21,143,1
3,4,65308,1,61,2,8,9,13,5,1,1,24,275,745,3
3,5,76467,2,45,3,3,6,6,7,1,2,27,645,891,1
1,4,81044,1,1,2,6,7,11,2,1,1,50,174,743,1
3,4,32871,3,29,2,2,1,4,5,1,1,46,452,38,1
3,5,55801,3,36,7,8,3,7,8,1,1,22,264,381,2
3,7,76320,2,50,3,7,4,5,3,1,1,38,8,585,1
4,5,36927,3,47,3,4,1,4,9,1,1,42,28,66,1
3,6,48794,3,98,2,2,1,4,5,1,1,44,4,49,1
3,5,23478,1,52,2,4,1,4,9,1,1,32,443,118,1
3,3,71128,2,81,4,3,11,13,8,1,1,24,598,906,1
5,3,70179,2,11,4,8,4,14,6,1,1,21,325,642,1
3,4,59462,2,30,3,10,3,13,8,1,1,47,510,673,1
4,6,51381.5,3,53,8,5,11,5,4,1,1,28,385,473,1
3,6,38361,2,75,4,4,2,4,8,1,1,28,174,125,1
5,5,51381.5,2,83,3,4,1,4,7,1,1,16,372,42,1
5,6,70038,1,55,2,5,5,9,3,1,1,15,233,762,1
3,6,42554,3,94,3,3,1,4,5,1,1,19,503,36,1
3,4,67445,2,64,6,10,7,13,7,1,1,23,650,725,1
3,7,67046,2,93,3,5,6,5,3,1,1,46,509,620,1
3,4,42192,1,41,2,3,2,4,5,1,1,49,279,95,1
5,4,77610,2,71,3,5,8,5,8,1,1,45,576,931,1
3,4,31761,2,97,3,4,1,5,6,1,1,13,82,93,1
3,6,34350,2,82,2,2,1,4,8,1,1,18,239,43,1
3,6,54591,2,64,4,7,3,9,6,1,1,48,310,376,1
3,4,71866,2,86,2,7,4,11,4,1,1,41,176,471,1
3,4,25293,2,52,2,2,2,3,9,1,1,28,271,32,1
5,5,42000,1,24,3,6,3,12,6,1,2,10,505,441,1
3,4,69520,1,96,2,10,7,6,6,1,1,14,338,845,1
3,3,64713,2,12,3,6,6,8,5,1,2,27,135,418,1
4,4,27889,2,43,2,2,2,3,7,1,1,20,340,21,1
2,7,22123,1,78,2,3,2,4,6,1,1,37,91,97,1
3,4,51381.5,3,83,5,3,2,4,9,1,1,26,458,92,1
4,6,51381.5,2,84,3,5,2,5,7,1,1,43,352,180,1
3,4,27803,2,41,3,4,1,5,9,1,1,24,636,158,1
3,5,51381.5,2,96,4,7,2,6,8,1,1,42,240,341,1
3,4,51651,2,33,5,7,3,6,9,1,1,37,567,328,1
3,4,68487,1,49,2,10,8,14,5,1,1,9,502,807,1
4,7,51381.5,1,76,2,6,6,12,2,1,2,54,228,885,2
3,4,56796,2,25,4,9,10,8,8,1,1,28,472,623,1
1,4,87000,1,62,2,5,7,8,3,1,1,5,531,598,1
3,4,79823,2,7,2,7,10,8,3,1,1,38,87,872,2
3,5,30828,2,17,3,2,2,5,4,1,1,17,253,51,1
4,4,34109,2,40,2,1,1,4,5,1,1,26,222,17,1
4,3,53367,3,3,8,6,2,9,8,1,2,23,284,305,1
2,6,22390,1,50,2,2,1,3,8,1,1,28,237,21,1
3,6,71322,2,32,2,5,2,8,3,1,1,21,55,275,1
3,1,79244,1,59,2,5,11,8,2,1,2,4,527,748,3
4,6,49912,2,6,5,11,6,8,9,1,2,48,624,553,2
5,4,48699,3,91,2,2,1,4,6,1,1,47,382,35,1
3,6,80144,1,48,2,4,8,9,2,1,1,22,257,808,1
3,5,54252,3,26,6,5,2,6,7,1,1,41,375,217,1
4,4,81929,2,61,3,5,5,11,7,1,2,21,604,1020,3
3,4,76068,2,68,2,3,4,5,7,1,1,22,546,813,3
4,4,53204,3,41,2,2,1,4,5,1,1,21,98,40,1
5,6,67911,2,64,4,7,8,12,4,1,1,48,38,610,1
1,4,14796,2,2,3,2,1,4,10,1,2,13,616,46,1
5,4,78128,2,90,3,9,5,7,4,1,1,23,123,769,3
2,4,14188,1,41,2,3,1,5,7,1,1,25,461,70,1
2,4,20425,2,6,3,3,1,4,8,1,1,11,576,52,1
4,4,58646,2,4,2,3,2,5,5,1,1,35,364,128,1
3,3,72967,2,2,3,8,3,9,6,1,2,27,531,367,2
4,4,48150,2,25,4,6,2,5,8,1,1,48,366,219,1
3,5,82332,1,90,2,6,4,13,3,1,2,36,616,1011,2
3,7,58275,3,49,7,9,3,8,8,1,1,42,370,427,1
5,6,44953,1,32,2,8,4,14,7,1,1,16,525,635,2
3,6,34587,3,69,3,2,1,4,5,1,1,44,42,17,1
4,6,43018,2,47,2,3,3,3,6,1,1,23,227,122,1
4,4,45736,2,93,6,8,2,7,8,1,1,43,322,331,1
4,6,66476,2,81,3,7,9,11,5,1,1,28,197,631,1
1,4,27733,2,17,3,3,1,4,8,1,1,16,289,52,1
5,6,69805,2,51,3,7,9,12,3,1,1,45,152,643,1
4,5,72217,1,94,2,4,11,9,3,1,1,35,422,889,1
3,3,25818,2,52,2,1,2,3,8,1,1,26,587,23,1
4,6,37509,2,25,3,4,1,5,8,1,1,21,619,112,1
1,6,25176,3,80,2,2,1,3,8,1,1,21,305,8,1
3,4,43586,2,27,4,4,1,5,9,1,1,17,632,121,1
1,4,53230,2,87,5,6,3,13,6,1,1,41,659,482,1
3,6,50116,3,69,3,2,1,5,6,1,1,40,10,61,2
3,6,84906,1,99,2,6,7,13,3,1,1,25,253,912,4
3,4,61286,2,35,3,8,2,9,6,1,1,31,313,422,1
5,4,82333,1,61,2,5,4,11,3,1,2,11,432,975,2
5,6,65220,1,4,5,9,5,8,7,1,2,32,628,777,1
3,6,33590,4,66,2,2,1,3,8,1,1,23,225,3,1
3,3,30992,2,84,2,2,1,4,8,1,1,21,410,38,1
4,5,72309,1,65,2,6,7,9,4,1,2,21,450,1001,2
5,4,156924,1,86,1,1,1,1,1,1,1,48,286,3,1
2,4,16005,2,70,4,3,2,3,9,1,1,17,648,98,1
4,1,65487,1,49,4,4,6,7,3,1,1,40,161,722,1
3,4,58692,2,22,2,9,3,5,8,1,1,32,81,301,1
3,7,40590,3,31,6,4,5,4,7,1,1,28,255,213,2
3,5,20587,2,40,2,2,2,3,8,1,1,27,46,20,1
4,3,62637,2,77,2,3,3,6,3,1,1,43,115,165,1
4,3,29435,3,12,5,4,3,3,10,1,2,31,656,161,1
3,3,19346,2,27,2,2,1,4,9,1,1,23,143,17,1
3,4,35788,3,35,3,3,1,4,7,1,1,26,150,39,1
3,3,36997,3,73,6,3,2,5,6,1,1,29,486,89,1
3,4,23539,1,14,2,3,1,5,7,1,1,40,116,76,1
3,5,65333,2,59,8,10,5,9,7,1,1,24,155,515,3
3,5,78499,1,13,2,12,4,5,5,1,2,40,207,796,2
5,6,29732,2,24,2,3,1,3,10,1,1,26,93,33,1
4,6,41275,4,34,5,4,2,4,6,1,1,37,94,56,1
5,6,63516,3,31,5,5,2,8,6,1,1,24,339,244,1
5,4,42769,2,16,3,2,2,5,5,1,1,35,246,83,1
4,4,49572,3,26,3,3,1,4,8,1,1,39,186,49,1
3,4,69209,1,5,3,6,4,7,5,1,1,25,616,963,2
3,4,17148,2,81,5,4,2,4,9,1,1,21,145,63,1
3,7,40590,3,31,6,4,5,4,7,1,1,28,255,213,2
4,6,30560,2,7,2,2,1,4,8,1,1,21,348,26,1
1,4,32146,2,17,3,3,1,5,7,1,1,14,45,61,1
1,3,41713,3,58,6,4,2,5,7,1,1,33,58,156,1
4,6,34176,2,10,2,2,1,4,4,1,1,22,151,23,1
5,4,58482,2,60,3,8,5,10,7,1,1,42,104,481,2
3,5,59686,2,79,2,5,2,7,5,1,1,32,148,227,1
5,4,60896,2,91,4,10,11,5,7,1,2,33,594,940,1
3,6,62994,2,75,2,7,3,5,7,1,1,17,112,253,1
3,6,47320,2,11,7,6,2,9,7,1,1,40,314,315,1
1,7,74859,1,64,2,7,6,12,4,1,1,48,369,886,2
2,5,15253,2,14,3,2,1,4,8,1,1,5,230,24,1
5,5,31560,2,99,3,3,2,4,9,1,1,23,351,89,1
3,3,72071,2,5,4,6,5,9,3,1,1,43,474,799,1
4,5,91172,1,95,1,5,4,8,4,1,2,7,435,676,5
3,4,90000,1,92,2,5,9,6,2,1,1,13,178,855,4
3,5,41967,3,67,2,2,1,4,5,1,1,16,207,49,1
3,5,69263,2,15,2,10,2,8,7,1,1,32,111,400,2
1,3,65706,1,78,2,12,4,13,8,1,2,27,347,742,4
3,6,60934,2,42,3,7,5,12,5,1,1,22,155,552,1
3,4,71965,2,22,4,7,4,6,4,1,1,46,317,746,1
3,4,65210,2,26,3,10,4,9,7,1,1,42,106,481,3
5,4,79174,1,3,2,6,7,8,3,1,2,22,504,1017,3
4,3,81380,1,52,2,5,3,11,3,1,1,30,524,988,1
5,8,48432,2,4,6,8,2,7,9,1,1,24,587,322,1
3,4,52914,2,33,3,8,4,4,8,1,1,26,508,404,2
3,6,38946,2,85,3,4,2,7,6,1,1,42,234,212,1
3,4,26067,2,50,4,4,1,4,9,1,1,23,224,51,1
5,4,44325,2,70,5,9,3,8,9,1,1,25,454,388,2
3,4,42523,1,97,2,2,2,5,3,1,1,33,64,114,1
2,5,26487,2,24,4,3,2,4,6,1,1,19,383,64,1
1,4,53233,2,19,2,2,1,4,5,1,1,40,100,35,1
3,4,67716,2,9,5,8,5,14,6,1,1,37,505,632,2
4,4,76234,2,22,2,9,4,12,4,1,1,25,136,571,2
5,4,84117,1,61,2,8,11,7,3,1,1,41,46,887,2
4,6,65487,1,49,4,4,6,7,3,1,1,40,161,722,1
2,4,25224,2,37,3,2,2,4,4,1,1,25,102,41,1
4,5,89616,1,37,2,8,6,13,3,1,2,14,464,917,1
3,3,40851,3,64,2,2,2,3,8,1,1,26,467,54,1
3,4,27469,1,3,2,1,1,4,7,1,1,50,660,12,1
1,4,82347,1,39,2,8,8,11,4,1,2,40,568,982,3
3,4,73803,2,62,3,10,6,7,7,1,2,40,661,875,2
4,5,8820,3,53,5,4,1,4,9,1,1,45,440,30,1
3,5,43322,1,26,2,4,1,5,8,1,1,23,66,129,1
3,6,55593,2,64,3,7,7,4,7,1,1,24,294,391,2
3,4,50501,3,11,8,6,5,5,7,1,2,43,357,369,2
3,4,37085,3,66,5,4,1,4,9,1,1,22,4,56,1
2,5,16185,2,72,3,3,3,3,9,1,1,7,310,99,1
3,5,57731,2,1,5,9,9,7,7,1,1,28,552,466,1
5,8,48432,2,4,6,8,2,7,9,1,2,24,587,322,1
3,4,73807,2,89,3,6,6,12,3,1,1,19,513,541,1
3,4,18929,1,16,2,2,1,5,7,1,1,7,472,80,1
3,5,35893,3,81,7,4,2,6,9,1,1,29,590,176,1
3,4,61014,2,18,5,10,4,5,8,1,1,17,651,707,1
3,6,32144,3,77,5,3,2,4,8,1,1,43,95,49,2
2,6,14918,2,53,2,2,1,4,7,1,1,34,538,38,1
3,3,45146,3,29,3,2,2,3,5,1,1,34,331,48,1
1,3,41769,2,32,7,9,2,8,9,1,1,42,475,377,1
3,6,88325,1,43,2,7,3,10,3,1,1,16,137,910,1
4,3,38054,3,25,3,3,1,4,8,1,1,47,56,40,1
1,5,80617,1,43,2,5,7,9,3,1,1,2,593,837,1
3,4,5305,2,13,1,2,1,1,12,1,1,21,316,27,1
3,6,36807,3,89,2,2,1,3,7,1,1,43,526,11,1
3,6,28427,2,68,3,3,1,4,9,1,1,14,441,47,1
5,7,82032,1,55,1,5,7,8,2,1,1,49,82,757,1
3,6,22775,2,41,2,2,1,3,9,1,1,19,356,10,1
4,6,40101,2,74,5,7,2,7,8,1,1,12,591,316,1
3,4,58025,2,82,4,4,3,11,5,1,1,18,205,351,1
4,5,75777,1,13,2,4,7,12,2,1,2,15,341,838,3
1,6,7500,2,8,5,4,3,3,8,1,1,18,396,48,1
4,4,33562,4,34,4,3,1,5,5,1,1,34,5,46,1
5,5,57642,2,25,4,8,7,7,5,1,1,27,162,452,2
3,6,58554,3,56,7,9,3,7,8,1,1,29,607,409,1
3,4,63777,3,88,9,12,2,7,9,1,1,18,438,441,1
3,5,57967,2,40,6,5,3,9,6,1,1,35,458,350,1
1,6,51381.5,1,54,1,1,1,2,1,1,1,19,650,930,2
3,4,24434,3,10,3,3,2,3,8,1,1,25,40,45,1
3,5,11012,2,83,4,4,2,3,10,1,1,13,446,79,2
4,5,44802,1,72,3,10,5,13,9,1,1,27,641,652,1
3,5,26816,1,51,2,1,1,4,5,1,1,11,645,17,1
3,4,34421,2,82,2,2,1,3,8,1,1,23,344,25,1
3,4,61223,2,47,3,10,4,5,6,1,1,30,361,800,1
5,6,64014,4,57,8,9,3,6,8,1,1,51,20,336,2
3,3,56981,1,92,2,3,4,14,7,1,1,16,148,760,2
4,6,69245,2,9,3,7,6,11,4,1,1,41,149,538,1
5,4,52869,3,41,4,4,2,5,8,1,2,43,590,154,1
